GeneNames,ExtraTreesClassifier,RandomForestClassifier,AdaBoostClassifier,XGBClassifier,LinearDiscriminantAnalysis,SVC,LassoRegression,RidgeRegression,Average
GALNT6,0.6651994906,0.3913928429,0.5,0.0,0.3638223506,1.0,0.9277460205,1.0,0.6060200881
GBGT1,0.798723362,0.0,0.5,0.08620163798332214,0.2773753957,0.580626539,1.0,0.7675870447,0.5013142474
TRAPPC6A,0.8524589157,0.0,0.0,0.12519310414791107,0.4362095039,0.7036894455,0.8729455151,0.777477314,0.4709967248
RABGEF1,0.1358359343,0.3443502566,1.0,0.16808412969112396,0.7388150718,0.3167649808,0.2141965198,0.371965145,0.4112515047
UBA7,0.5156690423,0.0,0.5,0.06590384244918823,0.5298977066,0.6298723675,0.4172247451,0.629163871,0.4109664469
IQSEC3,0.7800639752,0.2243027558,0.5,0.17477574944496155,0.6939379415,0.4396385334,0.0,0.4192431423,0.4039952622
UFD1L,0.4634270169,0.3073890358,0.5,0.08786948770284653,0.8195392197,0.3337352159,0.0,0.3433868284,0.3569183506
GALNT14,0.7946746588,0.0245000257,0.0,0.258097767829895,0.3932539595,0.3949746167,0.3472826969,0.5075508419,0.3400418209
STX18,0.1521362465,0.2007203581,0.0,0.27805593609809875,0.8669156146,0.4758401113,0.2639768238,0.4766913084,0.3392920498
GALNT18,0.0887461438,0.0,0.0,0.28361964225769043,0.1837256722,0.523842137,0.6768894626,0.7097280957,0.3083188942
DNAJA1,0.0,0.4801154673,0.0,0.30642664432525635,0.3643482223,0.3929395588,0.3950032733,0.4970571339,0.3044862875
PLAA,0.0819195173,0.219957127,0.5,0.012588685378432274,0.4250848709,0.3377546801,0.2316419441,0.439775524,0.2810902936
RAB3C,0.3966698101,0.0,0.0,0.2812289595603943,1.0,0.2779783161,0.0,0.2797950807,0.2794590208
FBXO2,0.1901703081,0.053083389,0.5,0.03433842211961746,0.0863378008,0.2851871923,0.4509942987,0.602339848,0.2753064074
RAB32,0.5053837681,0.0,0.0,0.16587412357330322,0.3153077028,0.4185843496,0.2922305164,0.4562154606,0.2691994901
RAB19,0.2767439476,0.0,0.0,0.030713532119989395,0.2941553205,0.5896918559,0.362697951,0.5914534166,0.268182003
DNAJB12,0.0,1.0,0.0,0.28150567412376404,0.4780787088,0.1867522987,0.0,0.1818427699,0.2660224314
MGAT3,0.2525848683,0.0,0.0,0.0,0.1225868141,0.4860418612,0.5440664198,0.7140142374,0.2649117751
FBXO6,0.3423065545,0.7209348981,0.5,0.12266252934932709,0.1080137251,0.1239455292,0.0,0.198830456,0.2645867115
ARHGDIA,0.1369226218,0.1912061316,0.5,0.22577914595603943,0.4492096214,0.2415572823,0.0,0.3211581614,0.2582291206
USE1,0.684256717,0.1470727826,0.0,0.0,0.4875831848,0.3489942062,0.0265789902,0.3413098395,0.254474465
RAB26,0.0,0.0,0.0,0.0,0.084662643,0.5319026779,0.7310609275,0.6697516904,0.2521722424
HAS2,0.1305740293,0.0,0.0,0.0,0.3272480032,0.4682392336,0.4330198784,0.5618893557,0.2401213125
ARHGEF1,0.3157024694,0.4817723057,0.0,0.0,0.1894535408,0.2563858573,0.2492047457,0.3919594959,0.2355598018
HSP90AB1,0.0,0.0,0.0,0.0,0.5271439813,0.4346415032,0.4082658957,0.4976927302,0.2334680138
ABO,0.4944197909,0.0,0.0,0.0,0.1993623098,0.4936664559,0.0851461659,0.5772861125,0.2312351044
GALNT15,0.0,0.2273130561,0.0,0.0,0.2020875379,0.5367556205,0.2795784559,0.5795694947,0.2281630206
STX4,0.2472214005,0.2754882754,0.5,0.0,0.2491074995,0.2547635084,0.0,0.2653016641,0.2239852935
BAK1,0.2434179943,0.0725758208,0.0,0.10627662390470505,0.513641653,0.3034952145,0.1244096319,0.37681379,0.2175788411
RUFY1,0.595126042,0.0,0.0,0.0,0.502410848,0.2653980165,0.0275492795,0.2877478434,0.2097790037
RBX1,0.5841018054,0.0,0.0,0.0,0.511093506,0.2987210315,0.0,0.2677797227,0.2077120082
MAP3K5,0.2846648711,0.3071253218,0.5,0.0,0.1732629489,0.1812315835,0.0,0.2148979188,0.2076478305
TRAPPC9,0.3629107851,0.0,0.0,0.0,0.3700515192,0.332283827,0.186751523,0.4046719323,0.2070836983
CTSA,0.0,0.0,0.5,0.0,0.1431444904,0.4059382653,0.156674096,0.4282618302,0.2042523352
SEC11C,0.1609724426,0.3109507496,0.5,0.06980445235967636,0.2367410547,0.1739445878,0.0,0.1730354118,0.2031810874
DNAJC5B,0.0,0.1908632665,0.0,0.0,0.4250970882,0.4985267354,0.0712696112,0.4266492812,0.2015507478
HAS1,0.225487651,0.0,0.0,0.0,0.3037242898,0.4220379919,0.2466551889,0.4140861626,0.2014989105
PDIA3,0.1395945487,0.0,0.0,0.9999998807907104,0.183140017,0.1077895453,0.0,0.1740509557,0.2005718684
RAB27B,0.6215852355,0.154159623,0.0,0.0,0.1182150568,0.2728078403,0.0,0.4030418575,0.1962262016
RASEF,0.0,0.36977195,0.0,0.0,0.2166177874,0.3459042675,0.1688118548,0.4572352855,0.1947926432
GXYLT2,0.0,0.9441315942,0.0,0.0,0.0292096839,0.24082789,0.0,0.3158977859,0.1912583692
SNAP25,0.6727671277,0.0,0.0,0.0,0.1138542733,0.3520649669,0.0,0.3468419334,0.1856910377
UBE2E3,0.407507803,0.0,0.0,0.14758232235908508,0.3485374696,0.2734322009,0.0,0.2968491278,0.1842386155
MICALL2,0.4942289731,0.0,0.0,0.0,0.1686962935,0.3191562368,0.0449690266,0.4152326378,0.180285396
EXOC2,0.7925653764,0.0,0.5,0.0,0.0213499019,0.0235028006,0.0,0.0954765626,0.1791118302
RAB1B,0.3077567998,0.268574282,0.0,0.0,0.3681514795,0.1841782979,0.0,0.2686534144,0.1746642842
SEC24A,0.225899275,0.0,0.5,0.559270977973938,0.0393744657,0.0332232406,0.0,0.0323798947,0.1737684817
CYTH3,0.0,0.6438971698,0.0,0.14262442290782928,0.1474385943,0.2024960531,0.0,0.2370006759,0.1716821145
TBC1D2,0.4639179073,0.0,0.5,0.0488143116235733,0.0216716711,0.0570724126,0.0,0.2569534243,0.1685537159
ARHGEF2,0.6655960783,0.1560886491,0.0,0.0,0.1150824787,0.2023063662,0.0,0.1903757084,0.1661811601
ACAP2,0.0177492288,0.0,0.5,0.22095941007137299,0.2132800441,0.1675042105,0.0,0.2082813557,0.1659717811
TRAPPC1,0.3440353755,0.0,0.0,0.0,0.3243186802,0.2508145714,0.0637267166,0.3419885443,0.165610486
RAB39B,0.2688527096,0.2579852703,0.0,0.03965846449136734,0.5470692014,0.0782693521,0.0,0.1299182826,0.1652191601
RAB29,0.3469679738,0.0840406562,0.0,0.0,0.1912847854,0.342245025,0.0,0.3449894206,0.1636909826
RAB34,0.4164696917,0.0,0.0,0.0,0.1026226473,0.3094067378,0.1675166363,0.3112410285,0.1634070927
VTI1B,0.3253723414,0.284375298,0.0,0.16543082892894745,0.1939982217,0.1511325015,0.0,0.1860562068,0.1632956748
VAMP8,0.3575201792,0.0,0.0,0.0,0.4063573245,0.2856469458,0.0,0.2479646586,0.1621861385
SGSM3,0.4754257702,0.0,0.0,0.1553598940372467,0.210062701,0.2187526826,0.0,0.2316077903,0.1614011048
USO1,0.2824029075,0.0,0.0,0.0,0.2703178584,0.3211757742,0.0942074185,0.3108910248,0.1598743729
TBC1D9B,0.0,0.2423653108,0.0,0.0,0.4033838836,0.2631650939,0.0670937186,0.2874826137,0.1579363276
TBC1D17,0.0,0.0,0.5,0.0,0.2539132905,0.2440738552,0.0,0.2605217649,0.1573136138
RAB9B,0.5199083981,0.2348065025,0.0,0.0,0.1322471003,0.1302096283,0.0,0.2396652783,0.1571046134
FUT8,0.1521362465,0.0,0.0,0.0,0.3054510171,0.4129529986,0.0,0.384788032,0.1569160368
PIGG,0.0,0.0,0.0,0.0,0.5265738396,0.3551345609,0.0,0.3721886225,0.1567371279
RAB9A,0.4471127137,0.0,0.0,0.0,0.2095459865,0.2585929611,0.0301326817,0.2878528019,0.1541546431
SEC11A,0.3420059814,0.0,0.0,0.0,0.4538797708,0.2324316346,0.0,0.2008371422,0.1536443161
VTI1A,0.0,0.0,0.0,0.0,0.6242598153,0.3224199548,0.0,0.2823377691,0.1536271924
RAB22A,0.0,0.0,0.0,0.0,0.2930047098,0.3799982504,0.1375325629,0.3904716603,0.1501258979
RAB3B,0.0,0.0,0.0,0.0,0.1320887451,0.399046844,0.2550092707,0.3993674155,0.1481890344
RAB43,0.0,0.0,0.0,0.16695478558540344,0.4191765134,0.2680517044,0.0,0.3273564221,0.1476924282
RFT1,0.1965093183,0.0,0.0,0.0,0.5281064742,0.2112221134,0.0,0.2444951569,0.1475416328
NDE1,0.7878009917,0.0,0.0,0.012741769663989544,0.1154303171,0.129950953,0.0,0.1277225871,0.1467058273
STX16,0.4550074845,0.0,0.0,0.0,0.1602622099,0.2766771827,0.0,0.2717005775,0.1454559318
PIGX,0.0,0.0,0.0,0.0,0.3447857838,0.3772483177,0.0349878192,0.4046029536,0.1452031093
TBC1D9,0.0,0.0,0.0,0.49156972765922546,0.1095469264,0.237465752,0.0,0.3069540812,0.1431920609
TBC1D22A,0.2593231474,0.0,0.0,0.0,0.2970929882,0.2979946256,0.0,0.2758986198,0.1412886726
UBQLN1,0.1141021848,0.2775549913,0.0,0.0,0.3350825223,0.2004394755,0.0,0.1898319691,0.1396263929
TMED2,0.8883670106,0.0,0.0,0.0,0.0694006777,0.0795063955,0.0,0.0747543766,0.1390035576
CKAP4,0.5324768626,0.2198738099,0.0,0.0,0.0769580573,0.1409027992,0.0,0.1373288758,0.1384425506
SSR4,1.0,0.0,0.0,0.0,0.0255316367,0.0388618091,0.0,0.0377812089,0.1377718318
TBC1D10C,0.1141021848,0.0,0.0,0.0,0.1523214747,0.346985039,0.103373191,0.3776756763,0.1368071957
PICK1,0.0,0.0,0.0,0.0,0.3876850242,0.3509054614,0.0,0.354952644,0.1366928912
TMX4,0.1521362465,0.2116036303,0.0,0.0,0.1535772203,0.3063760453,0.0,0.2697416046,0.1366793434
RAB3IP,0.1901703081,0.0716625751,0.0,0.0,0.3211963819,0.2760280946,0.0,0.232719352,0.136472089
RAB11FIP5,0.5154559457,0.0,0.0,0.0,0.2690765817,0.1549482856,0.0,0.1505840862,0.1362581124
STX19,0.0191768378,0.2980820431,0.0,0.0,0.0623103159,0.3781911962,0.098029457,0.226270904,0.1352575942
SRP72,0.5927737189,0.0,0.0,0.0,0.1902124548,0.1322805597,0.0,0.1560864954,0.1339191536
TBC1D16,0.2944225354,0.0430266119,0.0,0.0,0.1593805398,0.3046076528,0.0,0.2599728033,0.1326762679
BET1L,0.0,0.0,0.0,0.0,0.6833070774,0.2032639326,0.0,0.1740053427,0.1325720441
DNAJB1,0.0594282213,0.0841256316,0.0,0.2850973904132843,0.1379771633,0.1948643642,0.0,0.2946640863,0.1320196071
ARFIP1,0.2240673314,0.160980985,0.0,0.0,0.2010497757,0.2046781215,0.0,0.2621983988,0.1316218266
DDIT3,0.7992339402,0.0,0.0,0.0,0.0996098527,0.0265259888,0.0,0.1242718077,0.1312051987
RAB36,0.1996788235,0.0,0.0,0.0,0.1003436203,0.265331313,0.1453437525,0.3337033193,0.1305501036
RAB24,0.0,0.5600750443,0.0,0.0,0.1089724501,0.2027313932,0.0,0.1714297866,0.1304010843
PIGS,0.4980357623,0.0,0.0,0.0,0.2237807939,0.1702314994,0.0,0.14726494,0.1299141244
TBC1D8,0.1584264951,0.3456812082,0.0,0.0,0.1887110113,0.1655279003,0.0,0.1725268368,0.1288591815
B4GALNT2,0.2795454134,0.0,0.0,0.01990611106157303,0.0768493951,0.1686733135,0.1179410778,0.3607498961,0.1279581509
CLTA,0.324115128,0.0,0.0,0.02800028771162033,0.1951259325,0.1932794289,0.0004968936,0.278630575,0.1274560307
ALG3,0.0,0.0,0.0,0.0,0.2884878234,0.3167841675,0.0883232957,0.3235539622,0.1271436561
UBE4B,0.2178314438,0.3907143064,0.0,0.0,0.0922774072,0.19354298,0.0,0.1224061538,0.1270965364
AGR3,0.3059148729,0.3553597474,0.0,0.0,0.0105903945,0.1117084532,0.0616416443,0.1697415927,0.1268695881
EXOC7,0.1217089972,0.3174288509,0.0,0.029768211767077446,0.1705112209,0.1548013233,0.0,0.2111293609,0.1256684956
GALNT10,0.8532047793,0.0,0.0,0.0,0.0723245993,0.0330387886,0.0,0.044967398,0.1254419456
ATF4,0.0,0.0,0.0,0.0,0.4059496143,0.3295232153,0.0,0.2616242869,0.1246371396
PIGV,0.2349162629,0.4294569717,0.0,0.0,0.123135277,0.1106004815,0.0,0.0961916643,0.1242875822
PIGQ,0.2472151552,0.0,0.5,0.060771942138671875,0.0613162866,0.0636086533,0.0,0.0590354686,0.1239934382
TRAPPC3,0.173869996,0.0,0.0,0.0,0.545034481,0.1719016638,0.0,0.1011317443,0.1239922356
DOCK5,0.1168682984,0.0,0.0,0.0,0.1999837601,0.3079776202,0.0,0.3610883143,0.1232397491
EXOC5,0.0,0.7892265105,0.0,0.0,0.0597998445,0.0710295151,0.0,0.0632085697,0.122908055
SRP14,0.1711532773,0.0,0.0,0.0,0.4010306444,0.188417219,0.0,0.2223086492,0.1228637237
AP3D1,0.663126834,0.0,0.0,0.0,0.0758404864,0.1241985802,0.0,0.1155521537,0.1223397568
EIF2AK2,0.0,0.0,0.0,0.0,0.2841654622,0.3553309257,0.0,0.3361485883,0.121955622
TBC1D15,0.5259281407,0.0674083587,0.0,0.0,0.1762575899,0.126569886,0.0,0.0764231678,0.1215733929
SEC31A,0.0,0.0,0.0,0.12360083311796188,0.3381091375,0.2745019573,0.0,0.2357202118,0.1214915175
NGLY1,0.5612639484,0.2755668936,0.0,0.0,0.0313741208,0.0343130852,0.0,0.0690345934,0.1214440802
STX5,0.3958194926,0.0,0.0,0.0,0.3775722943,0.0804845574,0.0,0.1142372752,0.1210142024
P4HB,0.1267802054,0.0,0.0,0.0,0.4194725398,0.2117656103,0.0,0.2096486062,0.1209583702
SSR1,0.3260062424,0.0,0.0,0.0,0.2529475166,0.1801806956,0.0,0.2079434932,0.1208847435
WFS1,0.0,0.0,0.0,0.0,0.1399991735,0.4634992657,0.0,0.3611554058,0.1205817306
ALG12,0.0,0.0,0.0,0.0,0.3308818572,0.3269844295,0.0,0.304174111,0.1202550497
GPLD1,0.2377128851,0.3325807056,0.0,0.0,0.2900039736,0.0911389811,0.0,0.0099507474,0.1201734116
DPM2,0.5692211689,0.0,0.0,0.0,0.1417972238,0.1172019072,0.0,0.1198051795,0.1185031849
ARAP2,0.0,0.2864139612,0.0,0.0,0.157515432,0.242861886,0.0,0.260506267,0.1184121933
SNAP29,0.1492423505,0.0,0.0,0.09307575225830078,0.3771787467,0.1605468082,0.0,0.1667043834,0.1183435051
SPCS1,0.1333176049,0.1437675118,0.0,0.0,0.2965437535,0.1680989495,0.0,0.2042899588,0.1182522223
SSR2,0.6601791059,0.0,0.0,0.0,0.1924852492,0.0453901203,0.0,0.0405564766,0.117326369
DNAJB11,0.0,0.0,0.0,0.0,0.292403872,0.308503182,0.0,0.3265241526,0.1159289008
TUSC3,0.3103491993,0.0,0.0,0.0,0.0708699771,0.2555500653,0.0,0.28293798,0.1149634027
ASAP1,0.4538896002,0.169945031,0.0,0.0,0.0890652906,0.1168022733,0.0,0.0774075327,0.113388716
PGAP1,0.0,0.0,0.0,0.17780303955078125,0.0212036993,0.2578784068,0.092518146,0.3564809271,0.1132355273
ARFGAP2,0.1956037454,0.2850442011,0.0,0.0,0.2779843135,0.054731485,0.0,0.0870235961,0.1125484176
RAB3A,0.3137810083,0.0,0.0,0.0,0.0653932095,0.261125082,0.0,0.257478338,0.1122222047
LARGE2,0.1901703081,0.0,0.0,0.0,0.0889265357,0.2960862309,0.0206303023,0.2996068237,0.1119275251
ARF1,0.1996788235,0.0,0.5,0.0,0.0239097617,0.0604697487,0.0,0.1085557039,0.1115767547
TBC1D23,0.0,0.3308387357,0.0,0.0,0.1754776459,0.1931780496,0.0,0.1921754147,0.1114587307
ASAP2,0.0,0.0,0.0,0.0,0.1718493253,0.2547199987,0.1226930866,0.339617644,0.1111100068
COPE,0.0,0.0,0.0,0.0,0.3854659432,0.2325050794,0.0,0.2640543122,0.1102531668
RAB33A,0.179866535,0.0,0.0,0.0,0.2626509004,0.2128161278,0.0,0.2266803065,0.1102517337
MAP2K7,0.2360734859,0.1483816044,0.0,0.0,0.1862246189,0.1258143525,0.0,0.1838740858,0.1100460184
ASAP3,0.0418374678,0.1433251502,0.0,0.0,0.1712309691,0.2512966138,0.0,0.2711735343,0.1098579669
SEC61A2,0.3067782664,0.0,0.0,0.0,0.2394264773,0.1173978847,0.0,0.2133261765,0.1096161006
RAB30,0.0,0.0,0.0,0.0,0.1785015657,0.3417209451,0.0,0.3563623948,0.1095731132
CTBP1,0.0,0.0,0.0,0.0,0.3420862256,0.2885064665,0.0,0.2418754816,0.1090585217
RNF185,0.0,0.0,0.0,0.0,0.481898444,0.1814881793,0.0,0.2033988749,0.1083481873
VAMP1,0.2200542136,0.3206731374,0.0,0.0,0.0739617632,0.1303605534,0.0,0.121653388,0.108337882
STX8,0.5370047271,0.0,0.0,0.0,0.0641303722,0.1121465002,0.0,0.1529960307,0.1082847038
AGAP1,0.1521362465,0.3532899143,0.0,0.0,0.1304081566,0.1100240435,0.0,0.1121394757,0.1072497296
RAB12,0.6812789543,0.0,0.0,0.0,0.0208552152,0.0947218606,0.0,0.0600140937,0.1071087655
NSFL1C,0.0,0.4155545959,0.0,0.0,0.1577164455,0.1405487904,0.0,0.1429856357,0.1071006834
GLT8D2,0.5062612537,0.0,0.0,0.0,0.0272135946,0.1813060938,0.0,0.1399191245,0.1068375083
RAB3D,0.0,0.0,0.0,0.0,0.2069437514,0.2792899621,0.0607087085,0.3056944131,0.1065796044
ARFGAP1,0.0,0.0,0.0,0.0,0.2548754072,0.2852036748,0.0,0.3115748223,0.106456738
EVI5,0.5756076673,0.081792213,0.0,0.0,0.0776012826,0.0987724955,0.0,0.0177389916,0.1064390813
GALNT16,0.4754257702,0.0,0.0,0.0,0.103367858,0.121105308,0.0,0.1477123109,0.1059514059
HSPA2,0.1141021848,0.0,0.0,0.0,0.1039917803,0.3057741084,0.0,0.323041569,0.1058637053
COPZ2,0.5320240762,0.0,0.0,0.2310970574617386,0.0621699576,0.0202551154,0.0,0.0,0.1056932758
WAS,0.1691514846,0.3335700426,0.0,0.0,0.0762197563,0.1268358299,0.0,0.1319505741,0.1047159609
COPZ1,0.0,0.2819500237,0.0,0.0,0.3551412216,0.0984280743,0.0,0.1012483336,0.1045959566
RAB5C,0.3080987958,0.0,0.0,0.11120965331792831,0.1738900274,0.0768779496,0.0,0.162730815,0.1041009051
ARFGEF2,0.4228033956,0.300246362,0.0,0.0,0.0016889224,0.0694294326,0.0,0.0367005089,0.1038585777
RAB39A,0.1141021848,0.5572187168,0.0,0.0,0.0244703489,0.0441370267,0.0,0.0853555432,0.1031604776
DNAJC5,0.0,0.0,0.0,0.02307121828198433,0.181074621,0.2957770019,0.0,0.3209467064,0.1026086934
PIK3C3,0.3591598829,0.285984419,0.0,0.0,0.0325893492,0.0569002233,0.0,0.0802778897,0.1018639705
DNAJC6,0.0,0.4139094272,0.0,0.0,0.1046627036,0.1106991516,0.0,0.1821708599,0.1014302678
AMFR,0.3364895804,0.0,0.0,0.0,0.1909553038,0.1491036094,0.0,0.1347082287,0.1014070903
TBC1D10B,0.0896953004,0.0,0.0,0.0,0.3273817765,0.181209374,0.0,0.2068236918,0.1006387678
RAB33B,0.3359675443,0.0,0.0,0.0,0.1441046809,0.1224187253,0.0,0.1962885234,0.0998474342
PIGH,0.4183746778,0.0,0.0,0.0,0.1238740165,0.090512779,0.0,0.1649352012,0.0997120843
STX11,0.2567299159,0.0,0.0,0.0,0.1613656474,0.1932907653,0.0,0.1817712854,0.0991447018
ARFGEF1,0.1141021848,0.0,0.0,0.0,0.1784874671,0.1512006551,0.0635818273,0.2843787454,0.09896886
RAB35,0.216448387,0.4034256303,0.0,0.0,0.1347746203,0.0087069094,0.0,0.0248819479,0.0985296869
DNAJB9,0.3487997194,0.0,0.0,0.0,0.1510486686,0.1414617012,0.0,0.1465002395,0.0984762911
DNMBP,0.1956037454,0.2817734522,0.0,0.0,0.1399627141,0.0890036447,0.0,0.0793141813,0.0982072172
TBC1D10A,0.3824177452,0.0,0.0,0.0,0.2350058471,0.0746776403,0.0,0.0902756086,0.0977971052
DPM1,0.3694737414,0.0,0.0,0.0,0.0985348976,0.168222372,0.0,0.1444446289,0.097584455
RAB31,0.1215553461,0.2402510832,0.0,0.2813809812068939,0.0278007295,0.0208608818,0.0,0.0840445282,0.0969866938
STX17,0.37653721,0.0,0.0,0.0,0.1730096739,0.1124043778,0.0,0.1073166389,0.0961584876
ERO1A,0.047542577,0.0,0.0,0.0,0.164591576,0.2401852485,0.0,0.3120187632,0.0955422706
ROCK1,0.0,0.3071005056,0.0,0.0,0.0779563411,0.1773956036,0.0,0.2007169856,0.0953961795
EIF2AK4,0.2240551993,0.0,0.0,0.0,0.2011157025,0.1611691958,0.0,0.1733188021,0.0949573625
TBC1D14,0.1490935215,0.0,0.0,0.0,0.1738116561,0.2222568917,0.0,0.2131568426,0.094789864
INPP5E,0.1540379495,0.40158371,0.0,0.0,0.03560269,0.0700119745,0.0,0.0865743906,0.0934763393
GALNT1,0.394595024,0.0,0.0,0.026254598051309586,0.1118696084,0.0829837229,0.0,0.1306804867,0.09329793
TBC1D2B,0.0,0.0,0.0,0.0,0.1702657308,0.3277414987,0.0,0.245583945,0.0929488968
RAD23A,0.2047288006,0.0,0.0,0.04255235195159912,0.1753515599,0.140885436,0.0,0.1782450662,0.0927204018
UBQLNL,0.4556831037,0.0729896598,0.0,0.0,0.108231364,0.0295135845,0.0,0.0753426726,0.0927200481
B3GNTL1,0.2738452436,0.3479311978,0.0,0.0,0.0396299073,0.0630812262,0.0,0.0171184297,0.0927007506
TMX1,0.1373518463,0.1605772516,0.0,0.0,0.135148001,0.1805559699,0.0,0.1263444887,0.0924971947
COPA,0.0,0.0,0.0,0.02178158238530159,0.3233410999,0.1820099895,0.0,0.211708154,0.0923551032
UGGT2,0.0478142489,0.0958696657,0.0,0.0,0.1455827243,0.200057882,0.0,0.2444798508,0.0917255465
RAB23,0.0,0.0,0.0,0.1525985300540924,0.0386818731,0.3029284698,0.0,0.2382914355,0.0915625386
MGAT1,0.5379103,0.0691427075,0.0,0.0,0.0169220869,0.0669677635,0.0,0.0413077408,0.0915313248
UGCG,0.0,0.0,0.0,0.0,0.3159435361,0.2072048633,0.0,0.2070647159,0.0912766394
ARF4,0.6596452945,0.0,0.0,0.0,0.0161463256,0.0001304732,0.0,0.0529349923,0.0911071357
STX12,0.3229009404,0.1873436656,0.0,0.0,0.0030901245,0.1145279126,0.0,0.1007941196,0.0910820953
CAPN2,0.0,0.0545100723,0.0,0.0,0.1326221192,0.2483799632,0.0248449659,0.2677621314,0.0910149065
YKT6,0.0,0.0,0.0,0.0,0.2997054729,0.1884927506,0.0,0.2392393712,0.0909296993
EIF2AK1,0.4437307188,0.0,0.0,0.0,0.1153633319,0.1021522517,0.0,0.0660629528,0.0909136569
RFWD2,0.1521362465,0.0,0.0,0.0,0.3273024965,0.1415517744,0.0,0.104177132,0.0906459562
EDEM1,0.2282043697,0.1628694888,0.0,0.0,0.1685895185,0.0832461852,0.0,0.0819773467,0.0906108636
ARHGAP24,0.0,0.1946879516,0.0,0.0,0.1092255203,0.2078797054,0.0,0.212764411,0.0905696985
STX3,0.0,0.0,0.0,0.0,0.1341840325,0.2656084478,0.103322035,0.2206845307,0.0904748807
OS9,0.6406022663,0.0,0.0,0.0,0.0421608622,0.0288173275,0.0,0.0113765613,0.0903696272
RAB7A,0.2763808477,0.0,0.0,0.0,0.227991667,0.1199972309,0.0,0.0975181988,0.090235993
PIGO,0.3389154057,0.0,0.0,0.0,0.1481137031,0.0926286151,0.0,0.1409805726,0.0900797871
SRP9,0.1901703081,0.0,0.0,0.0,0.1854946699,0.1653113822,0.0,0.1783424573,0.0899148522
RAB11B,0.157538812,0.0,0.0,0.0,0.2569641979,0.1911600889,0.0,0.1136390699,0.0899127711
EIF2S1,0.0,0.0,0.0,0.0,0.3094523368,0.1999349726,0.0,0.2098567569,0.0899055083
UBE2J1,0.1553057516,0.0,0.0,0.0,0.2226900946,0.1272910513,0.0,0.2083707283,0.0892072032
SEC16B,0.0,0.0,0.0,0.0,0.4966054644,0.0934976833,0.0,0.1230937095,0.0891496071
PARK2,0.2738452436,0.0,0.0,0.0,0.0250874199,0.1803550159,0.0,0.225635969,0.088115456
ALG1L,0.3423065545,0.2610475924,0.0,0.0,0.0033460169,0.0669468502,0.0,0.0269891587,0.0875795216
SRPRA,0.2487155104,0.0,0.0,0.0,0.2961415958,0.0576396313,0.0,0.0945900826,0.0871358525
GPAA1,0.0,0.0,0.0,0.0,0.1404780806,0.2850524058,0.0,0.2709647726,0.0870619074
RAB11FIP3,0.0,0.0,0.0,0.0,0.1686015847,0.2832505924,0.0,0.2438531141,0.0869631614
APPL2,0.1141021848,0.0,0.0,0.0,0.1279814344,0.1481879746,0.0646120071,0.2337221921,0.0860757241
PSD,0.3617357191,0.0,0.0,0.0,0.0988090678,0.1015900402,0.0,0.1239100051,0.085755604
IFT27,0.0815015606,0.0,0.0,0.03084803931415081,0.2531705448,0.1205773894,0.0,0.1992670709,0.0856705756
AGAP2,0.0380340616,0.2157240357,0.0,0.0,0.2119129281,0.0970290339,0.0,0.1166997392,0.0849249748
SRPRB,0.1996788235,0.0,0.0,0.0,0.3269026611,0.0911023415,0.0,0.060930338,0.0848267705
RAB1A,0.0,0.3166182863,0.0,0.0,0.1553473078,0.0988248822,0.0,0.1068912919,0.084710221
GALNT12,0.0,0.0,0.0,0.0,0.0847820811,0.2973953351,0.0,0.2952691035,0.084680815
STX1A,0.2795503529,0.0,0.0,0.0,0.0767630728,0.1425165165,0.0,0.1769851418,0.0844768855
OSGIN2,0.0,0.5966370722,0.0,0.0,0.0271841898,0.0138199398,0.0,0.0356588365,0.0841625048
SAR1B,0.3026975835,0.2096130321,0.0,0.0,0.0463278192,0.0214552477,0.0,0.0874771864,0.0834463586
DERL1,0.1711532773,0.3442947711,0.0,0.0,0.1117018968,0.0086686832,0.0,0.0306537143,0.0833090428
SEL1L,0.2434179943,0.0,0.0,0.0,0.0885506055,0.1516359116,0.0,0.1789618524,0.0828207955
GALNT5,0.1462848524,0.0,0.0,0.0,0.1124761228,0.2057561699,0.0,0.1939441525,0.0823076622
GIT2,0.1825634958,0.0,0.0,0.0,0.25558792,0.1168311475,0.0,0.1024572126,0.082179972
ARF5,0.1521362465,0.0,0.0,0.0,0.2421866933,0.1082306017,0.0,0.1543857349,0.0821174096
RAB11A,0.295983018,0.2501647358,0.0,0.0,0.0599673116,0.0334641718,0.0,0.0171452007,0.0820905547
GLT8D1,0.469613362,0.0,0.0,0.0,0.084782546,0.0189168205,0.0,0.0826097217,0.0819903063
ERP29,0.455186216,0.0,0.0,0.0,0.065409473,0.0680871275,0.0,0.0666362269,0.0819148804
SAR1A,0.4607840863,0.0834648772,0.0,0.0,0.0060870693,0.0386602959,0.0,0.0629512529,0.0814934477
RABGAP1,0.3042724929,0.0,0.0,0.0,0.1026897677,0.1290474383,0.0,0.1157525808,0.081470285
SIL1,0.504396917,0.0,0.0,0.0,0.0849521423,0.0495035152,0.0,0.0074029947,0.0807819462
TBC1D13,0.0,0.0,0.5,0.0,0.0589303848,0.0432569565,0.0,0.0414459975,0.0804541674
PDIA2,0.0,0.0,0.0,0.0,0.1440286681,0.2189739517,0.0,0.2790912428,0.0802617328
BAG1,0.3836376865,0.0,0.0,0.0,0.0311281586,0.097469486,0.0,0.1259988636,0.0797792743
STX7,0.2042668484,0.0,0.0,0.0,0.1233984019,0.1585943539,0.0,0.151156393,0.0796769996
SSR3,0.0,0.0675000707,0.0,0.0,0.2628034427,0.1532657876,0.0,0.1507038964,0.0792841497
VCP,0.0,0.1244141929,0.0,0.0,0.2053142266,0.1129779674,0.0,0.1846290294,0.078416927
PIK3CA,0.0,0.0,0.0,0.0,0.1980181951,0.2036592066,0.0,0.2201632124,0.0777300768
PIGT,0.1369226218,0.0,0.0,0.0,0.1782660862,0.1457092074,0.0,0.1603444063,0.0776552902
TBC1D20,0.0,0.0,0.0,0.0,0.2144140675,0.2088160755,0.0,0.1962689193,0.0774373828
SEC23B,0.0,0.0,0.0,0.0,0.1307708879,0.2462561422,0.0,0.2398626641,0.0771112118
EVI5L,0.2200542136,0.0,0.0,0.0,0.1229497234,0.1000709625,0.0,0.1723970005,0.0769339875
EXOC1,0.3042724929,0.0,0.0,0.02826038748025894,0.1185036922,0.084667906,0.0,0.0788117842,0.0768145328
INPP5B,0.0,0.0798913881,0.0,0.045757777988910675,0.2878254022,0.1222093509,0.0,0.0776373518,0.0766651589
NSF,0.0,0.2386462587,0.0,0.0,0.1599005946,0.0808017916,0.0,0.1334044564,0.0765941377
RAB11FIP4,0.0912817479,0.3005946875,0.0,0.0,0.0917658471,0.0454668299,0.0,0.0832478189,0.0765446164
TMED7,0.4322052456,0.0,0.0,0.0952649861574173,0.0327731034,0.0404592419,0.0,0.0086986325,0.0761751512
CYTH2,0.1404334583,0.0,0.0,0.0,0.1457921144,0.1597739477,0.0,0.1630672623,0.0761333478
B4GALNT1,0.3260062424,0.0,0.0,0.0,0.025616095,0.1288582827,0.0,0.127089077,0.0759462121
PIGA,0.1173622473,0.0,0.0,0.0,0.1301938104,0.2019545372,0.0,0.1561111191,0.0757027142
ARHGEF7,0.4020743656,0.094791766,0.0,0.0,0.0430769064,0.0256999165,0.0,0.0384082616,0.075506402
DPAGT1,0.173869996,0.0,0.0,0.0,0.2134248153,0.1252051834,0.0,0.0899782317,0.0753097783
RAB40A,0.4318073424,0.0786668372,0.0,0.0,0.0336395715,0.0513285318,0.0,0.0065058642,0.0752435184
TRAPPC2,0.4215441829,0.0796250834,0.0,0.0,0.0178342086,0.0310409059,0.0,0.0508072629,0.0751064555
SNAP23,0.0,0.0,0.0,0.0,0.2601058104,0.1527811511,0.0,0.1805910627,0.074184753
MAN1C1,0.1825634958,0.0,0.0,0.0,0.0791145696,0.1397347421,0.0,0.190570189,0.0739978746
COG4,0.3863655598,0.0,0.0,0.0,0.0612585742,0.0509826201,0.0,0.0915366036,0.0737679197
GOSR2,0.0,0.0,0.0,0.0,0.3386219876,0.1112843867,0.0,0.1393268667,0.0736541551
SELENOS,0.1711532773,0.0,0.0,0.0,0.2472160169,0.0684061198,0.0,0.1006619991,0.0734296766
RAB6B,0.3139044955,0.0,0.0,0.0,0.0267709539,0.0686015157,0.0,0.1742506035,0.0729409461
KIF20A,0.265327016,0.0,0.0,0.0,0.079989374,0.1075141019,0.0,0.1304501417,0.0729100792
ARF3,0.0,0.0,0.0,0.0,0.2576459084,0.1793995999,0.0,0.141984344,0.0723787315
RAB41,0.0,0.0449389058,0.0,0.0,0.1235165103,0.2050750126,0.0,0.2050212983,0.0723189659
SEC62,0.0,0.0,0.0,0.0,0.1381968952,0.2314684087,0.0,0.2083176429,0.0722478684
PIGP,0.3766098495,0.0675000707,0.0,0.0,0.0973234843,0.0199123543,0.0,0.0140443248,0.0719237604
PSD3,0.0,0.0,0.0,0.0,0.1239179157,0.1875958606,0.0,0.2622951721,0.0717261186
STX6,0.0,0.0,0.0,0.0,0.2682280674,0.159508387,0.0,0.1454104204,0.0716433593
MAN1A1,0.0570510924,0.0,0.0,0.0,0.0650535375,0.2555743786,0.0,0.1952123205,0.0716114161
RAB44,0.1825634958,0.0,0.0,0.0,0.3261538831,0.0445750616,0.0,0.0165428815,0.0712294152
B4GALT1,0.0761726124,0.0838859575,0.0,0.0,0.1231235042,0.122397728,0.0,0.1579893033,0.0704461382
STX2,0.3048520427,0.0,0.0,0.0,0.0012677489,0.1700894126,0.0,0.0873032728,0.0704390596
PIGC,0.3613235853,0.0,0.0,0.0,0.0738699373,0.044328831,0.0,0.0824773414,0.0702499619
ATXN3,0.3042724929,0.0,0.0,0.0,0.1212102728,0.0690638513,0.0,0.0642535482,0.0698500207
CYTH4,0.0,0.2246945289,0.0,0.0,0.0653859898,0.1358459029,0.0,0.1296594414,0.0694482329
ARAP3,0.0,0.0675000707,0.0,0.0,0.1684612502,0.2169448949,0.0,0.1006817112,0.0691984909
SEC24D,0.0,0.0716625751,0.0,0.009368205443024635,0.1392180698,0.2002316876,0.0,0.1328266806,0.0691634023
VPS45,0.1825634958,0.0449389058,0.0,0.0,0.2076093707,0.055679998,0.0,0.0599212955,0.0688391332
KDELR3,0.0,0.0,0.0,0.0,0.0672021917,0.2273314972,0.0,0.2556974861,0.0687788969
UBE2D3,0.0,0.3650421885,0.0,0.0,0.0876435175,0.0276461541,0.0,0.0682814208,0.0685766601
ALG2,0.1521362465,0.1289926352,0.0,0.0,0.0298340567,0.0991712059,0.0,0.1349624733,0.0681370772
SPCS2,0.0,0.0,0.0,0.0,0.1231179886,0.2386325131,0.0,0.18176509,0.067939449
SKP1,0.3085280523,0.085383921,0.0,0.0,0.0552718008,0.0405343786,0.0,0.0536745716,0.0679240905
RPN2,0.3042724929,0.0,0.0,0.0,0.0593075681,0.1037323933,0.0,0.0750816052,0.0677992574
RBSN,0.0,0.3677954508,0.0,0.0,0.0391767018,0.0338939203,0.0,0.0978544051,0.0673400598
ATF6B,0.3042724929,0.0,0.0,0.0,0.0398792016,0.0401540164,0.0,0.153528438,0.0672292686
PSD4,0.278637814,0.0,0.0,0.0,0.1132912795,0.0682632545,0.0,0.0763586573,0.0670688757
FBXO8,0.4168410463,0.0,0.0,0.0,0.0913520873,0.0068978416,0.0,0.0137540692,0.0661056306
GALNT11,0.0,0.0,0.0,0.0,0.202194999,0.1587742913,0.0,0.1671425881,0.0660139848
MARCH6,0.0,0.0,0.0,0.3164627254009247,0.132700949,0.0271298864,0.0,0.0490807164,0.0656717847
JUN,0.2278547919,0.0,0.0,0.0,0.047962852,0.1340649206,0.0,0.1141487066,0.0655039089
STX1B,0.1901703081,0.0,0.0,0.2640923261642456,0.0605477473,0.0005445076,0.0,0.0068086283,0.0652704397
EXOC3,0.1518506897,0.1451167146,0.0,0.0,0.0621756062,0.0794700669,0.0,0.0821369842,0.0650937577
TBC1D24,0.1467028091,0.0,0.0,0.0,0.1366212206,0.106691604,0.0,0.1299794889,0.0649993903
GALNT8,0.0,0.1642132592,0.0,0.0,0.0220067607,0.1283675282,0.0,0.2050018662,0.0649486768
UBQLN2,0.1770046714,0.0,0.0,0.0,0.1250685129,0.1187645626,0.0,0.0960642251,0.0646127465
KDELR1,0.2662384313,0.0,0.0,0.0,0.1513121787,0.0648472438,0.0,0.0331333228,0.0644413971
RNF5,0.0,0.2508190128,0.0,0.0,0.0659334347,0.0528142392,0.0,0.1448360685,0.0643003444
ALG10B,0.203476342,0.0,0.0,0.0,0.1060321734,0.0726455653,0.0,0.1302168869,0.064046371
OPTN,0.1895851687,0.0,0.0,0.0,0.1487672953,0.064839228,0.0,0.1089677278,0.0640199275
PLIN3,0.1426277311,0.0,0.0,0.0,0.1435740367,0.0948473121,0.0,0.1290018134,0.0637563617
MICALCL,0.1521362465,0.0748981763,0.0,0.0,0.1839145732,0.0810110342,0.0,0.017649122,0.063701144
AGR2,0.0,0.0,0.0,0.11908500641584396,0.0500702599,0.1352843553,0.0,0.204921008,0.0636700787
SEC24C,0.3586068667,0.0,0.0,0.0,0.0415554576,0.044527327,0.0,0.0602684624,0.0631197642
UBE2E1,0.3042724929,0.0,0.0,0.0,0.1081157705,0.0441961684,0.0,0.0465625619,0.0628933742
AKAP10,0.1584752567,0.0,0.0,0.0,0.0844990102,0.0867960982,0.0,0.1723643881,0.0627668442
TBC1D12,0.3125619679,0.1254596903,0.0,0.0,0.0262391129,0.0129535732,0.0,0.0227999934,0.0625017922
RAB40B,0.0,0.0,0.0,0.0,0.103792353,0.1754323981,0.0,0.2197757553,0.0623750633
PIGU,0.0,0.0,0.0,0.025193875655531883,0.1080185052,0.170030731,0.0,0.1941471208,0.0621737791
NAPG,0.1825634958,0.1706251788,0.0,0.0,0.0888591996,0.0059774232,0.0,0.0473000659,0.0619156704
UBE2D2,0.2738452436,0.0,0.0,0.0,0.078407087,0.0897410322,0.0,0.0528926516,0.0618607518
SMCHD1,0.0,0.1433251502,0.0,0.0,0.1066827339,0.1382324667,0.0,0.1065593767,0.0618499659
ARHGEF6,0.2889409332,0.0,0.0,0.0,0.0415075431,0.0753411611,0.0,0.0877561482,0.0616932232
RER1,0.2738452436,0.0,0.0,0.0,0.1736199313,0.006291421,0.0,0.039439985,0.0616495726
DERL3,0.0,0.0,0.0,0.0,0.0841084448,0.144112428,0.0,0.2576285605,0.0607311792
EDEM2,0.0,0.0,0.0,0.0,0.1652318471,0.168924038,0.0,0.1478106543,0.0602458174
GALNT9,0.0,0.0,0.0,0.0,0.1749109139,0.1208452062,0.0,0.1845769422,0.0600416328
DOLPP1,0.0,0.0,0.0,0.0,0.1616711831,0.1625047632,0.0,0.1549669032,0.0598928562
CALR,0.1896763592,0.0,0.0,0.0,0.1812407974,0.0434428414,0.0,0.0634048236,0.0597206027
BCAP31,0.2993795168,0.0836570328,0.0,0.0,0.0431603937,0.0312937273,0.0,0.0188817575,0.0595465535
RAB10,0.0,0.0,0.0,0.0,0.2565525561,0.1435621922,0.0,0.0747942616,0.0593636262
DERL2,0.2032820504,0.0,0.0,0.0,0.0762998626,0.0875904951,0.0,0.1077159438,0.059361044
AP1B1,0.3395898358,0.0,0.0,0.0,0.0711166217,0.0282180106,0.0,0.0347726574,0.0592121407
RAB27A,0.0,0.0,0.0,0.0,0.1087490759,0.1814798941,0.0,0.1802413242,0.0588087868
HERPUD1,0.0,0.0,0.0,0.0,0.1758607035,0.1528033945,0.0,0.1412984569,0.0587453194
CYTH1,0.0,0.0,0.0,0.0,0.1551089563,0.1427849817,0.0,0.1693025382,0.0583995595
VAMP3,0.2267912779,0.0,0.0,0.0,0.1522649292,0.0298922362,0.0,0.0567935859,0.0582177536
CLTC,0.0,0.0,0.0,0.0,0.1566180014,0.1777369104,0.0,0.1253307569,0.0574607086
TRAPPC4,0.0,0.0,0.0,0.0,0.2190848694,0.1242233719,0.0,0.1124745624,0.0569728505
GMCL1,0.0,0.1683801106,0.0,0.0,0.0535861114,0.1496225915,0.0,0.0841452787,0.0569667615
HYOU1,0.0,0.2897408696,0.0,0.0,0.0532443678,0.0448308852,0.0,0.0610435281,0.0561074563
CAPN1,0.1782886815,0.0658663374,0.0,0.0,0.0907494711,0.0273299381,0.0,0.084366414,0.0558251053
BNIP1,0.0,0.0,0.0,0.0,0.1616693233,0.1485528598,0.0,0.134988443,0.0556513283
SRP68,0.0,0.0526304147,0.0,0.0,0.2434999246,0.0890142105,0.0,0.0599720786,0.0556395786
SRP54,0.0965480026,0.0,0.0,0.0,0.1085382334,0.1065117804,0.0,0.1284732258,0.0550089053
RAB20,0.1264141227,0.0,0.0,0.0,0.1908521256,0.0786833358,0.0,0.0440237434,0.0549966659
RAB25,0.2764905314,0.0,0.0,0.0,0.0750230435,0.004931491,0.0,0.0828172993,0.0549077956
ARAP1,0.2884672273,0.0,0.0,0.0,0.0796008019,0.0352506677,0.0,0.0341096877,0.0546785481
MAN2A2,0.1521362465,0.0,0.0,0.0,0.080400825,0.0817489074,0.0,0.1214048083,0.0544613484
RAB15,0.30094378,0.0,0.0,0.0,0.0293820451,0.043294261,0.0,0.0613924692,0.0543765694
TBC1D4,0.0,0.0,0.0,0.0,0.0496119647,0.1743622931,0.0,0.2105615977,0.0543169819
PIGN,0.2408823902,0.0,0.0,0.0,0.0116184564,0.1180582243,0.0,0.0637320967,0.054286396
HSP90AA1,0.0,0.0,0.0,0.0,0.0974826637,0.1515357114,0.0,0.1844092949,0.0541784588
CANX,0.0,0.0,0.0,0.0,0.1320306451,0.1461520669,0.0,0.1537839416,0.0539958317
STUB1,0.0,0.1219159046,0.0,0.0,0.0550706737,0.116668045,0.0,0.1357879042,0.0536803159
TBC1D5,0.1711532773,0.0,0.0,0.0,0.0611726795,0.0909727579,0.0,0.0959177877,0.0524020628
SEC61B,0.2471813646,0.0,0.0,0.0,0.0058320589,0.0687274478,0.0,0.0957745714,0.0521894303
TBC1D7,0.1398311089,0.0,0.0,0.0,0.200561017,0.0226245257,0.0,0.0539135952,0.0521162808
RAB14,0.1521362465,0.0,0.0,0.08615079522132874,0.0436956919,0.0594108776,0.0,0.0732542081,0.0518309774
MON1A,0.0,0.0,0.0,0.0,0.1732996342,0.1393574642,0.0,0.1016452083,0.0517877883
PDIA6,0.0,0.0427989579,0.0,0.0,0.0984251021,0.1030239318,0.0,0.1654217458,0.0512087172
PIGM,0.2851428071,0.0,0.0,0.0,0.0320234666,0.048574917,0.0,0.0433766203,0.0511397264
HSPA5,0.2037539015,0.0,0.0,0.0,0.0713110965,0.0669580879,0.0,0.062235556,0.0505323302
QSOX2,0.235811182,0.1146601201,0.0,0.0,0.0045525086,0.0445480221,0.0,0.0040775075,0.0504561675
GOLGA4,0.0,0.0896563146,0.0,0.0,0.068233621,0.156257592,0.0,0.0851939933,0.0499176901
MAN1B1,0.0,0.146987671,0.0,0.0,0.1650393043,0.0163375715,0.0,0.063633714,0.0489997826
RAB38,0.0,0.0,0.0,0.0,0.0630613449,0.1634099444,0.0,0.1641680984,0.0488299235
RAB5B,0.1521362465,0.0149128063,0.0,0.17258356511592865,0.0251743402,0.0029223218,0.0,0.0211006254,0.0486037382
UBA5,0.1843533339,0.0,0.0,0.0,0.0245806127,0.0717692255,0.0,0.1052500134,0.0482441482
RAB4A,0.0,0.0,0.0,0.0,0.094405342,0.1459533163,0.0,0.1444689304,0.0481034486
ATF6,0.0,0.0,0.0,0.0,0.2125679204,0.1012990494,0.0,0.0689820652,0.0478561294
BCL2,0.1141021848,0.0,0.0,0.0,0.001131225,0.1530434381,0.0,0.1135320618,0.0477261137
RAB2A,0.138978517,0.0,0.0,0.0,0.1368817379,0.0180041316,0.0,0.0864803447,0.0475430914
DNAJA2,0.1863669019,0.0,0.0,0.0,0.1309058077,0.0078202402,0.0,0.0536120085,0.0473381198
VAMP5,0.0,0.0,0.0,0.0,0.0913183125,0.1457286488,0.0,0.1414327706,0.0473099665
NPLOC4,0.0,0.0,0.0,0.0,0.2463477664,0.0635134844,0.0,0.0667762441,0.0470796869
PRKCSH,0.0,0.0,0.0,0.0,0.1166427952,0.1000872215,0.0,0.1597194689,0.0470561857
RAB11FIP2,0.0,0.3041463422,0.0,0.0,0.0301365733,0.0282647477,0.0,0.0138361603,0.0470479779
EXOC6,0.1711532773,0.0,0.0,0.0,0.0458450174,0.0783468804,0.0,0.079340248,0.0468356779
SGSM1,0.2702888119,0.0,0.0,0.0,0.0073999872,0.0099079551,0.0,0.0868133789,0.0468012666
AP1S2,0.1735554285,0.0,0.0,0.0,0.0547453449,0.0942954561,0.0,0.0506705384,0.046658346
RALBP1,0.1521362465,0.0,0.0,0.0,0.0238827195,0.1165514428,0.0,0.0802360056,0.0466008018
RAB8B,0.1901703081,0.0,0.0,0.0,0.0132709736,0.0517391149,0.0,0.1119443206,0.0458905896
DNAJB2,0.3260062424,0.0,0.0,0.0,0.0221904438,0.005953902,0.0,0.0119802973,0.0457663607
ALG1L2,0.0,0.0,0.0,0.0,0.0735650253,0.1680001517,0.0,0.1233991017,0.0456205348
RAB18,0.0,0.0,0.0,0.0,0.1625006557,0.077452094,0.0,0.1211862026,0.045142369
UBE2E2,0.1680413995,0.0,0.0,0.0,0.0192629139,0.0814988161,0.0,0.0918180311,0.0450776451
TBC1D30,0.1564829964,0.0,0.0,0.0,0.0487468063,0.066586524,0.0,0.0869289183,0.0448431556
CUL1,0.1521362465,0.0,0.0,0.08917433023452759,0.0408101114,0.0104538588,0.0,0.0614714209,0.044255746
SEC61G,0.0,0.0,0.0,0.0,0.1070846292,0.1177685533,0.0,0.128626713,0.0441849869
OCRL,0.2445046818,0.0,0.0,0.0,0.0556185646,0.0182118111,0.0,0.0331907083,0.0439407207
MCF2L,0.1711532773,0.0,0.0,0.0,0.0251482888,0.1127653599,0.0,0.0416025878,0.0438336892
UBE2J2,0.0,0.1576558792,0.0,0.0,0.0559532047,0.0883132789,0.0,0.0474471107,0.0436711842
MICAL1,0.1863669019,0.0,0.0,0.0,0.1013297614,0.0086479867,0.0,0.0498989666,0.0432804521
RAB17,0.0,0.0,0.0,0.0,0.1056465944,0.1260139715,0.0,0.1143534254,0.0432517489
DPM3,0.1895851687,0.0,0.0,0.0,0.0401738828,0.0161244688,0.0,0.0975934678,0.0429346235
NCKIPSD,0.0,0.2127103069,0.0,0.0,0.036782074,0.050931426,0.0,0.0424937577,0.0428646956
MOGS,0.0,0.1561276146,0.0,0.0,0.14261804,0.0411814298,0.0,0.0024877851,0.0428018587
KIF23,0.1521362465,0.0,0.0,0.0,0.0024984216,0.0913573293,0.0,0.0951926608,0.0426480823
EIF2AK3,0.0,0.0,0.0,0.0,0.1543889555,0.0934617956,0.0,0.0917518678,0.0424503274
TBC1D1,0.0,0.0,0.0,0.0,0.1412274118,0.1106850047,0.0,0.0864940243,0.0423008051
GIT1,0.0,0.0,0.0,0.0,0.1113129534,0.1075874225,0.0,0.1172752399,0.042021952
HSPH1,0.0,0.0,0.0,0.0,0.0351516145,0.1938212623,0.0,0.1071364821,0.0420136699
ALG6,0.1825634958,0.0748981763,0.0,0.0,0.0353411211,0.0381551083,0.0,0.0048574887,0.0419769238
SNAP47,0.0,0.1911881599,0.0,0.0,0.0944226964,0.0064496564,0.0,0.0396112908,0.0414589754
GALNT3,0.0,0.0,0.0,0.0,0.0334093233,0.141144826,0.0,0.1569244445,0.0414348242
CLTB,0.0,0.2259299211,0.0,0.0,0.0543567899,0.0146961907,0.0,0.0350582852,0.0412551484
RAB42,0.1069476695,0.0,0.0,0.0,0.0461273546,0.043381128,0.0,0.1325530549,0.0411261509
ARFIP2,0.2246450324,0.0,0.0,0.0,0.0612177529,0.0078042358,0.0,0.0326265557,0.0407866971
ALG5,0.0,0.1651211408,0.0,0.0,0.0202507156,0.0669675702,0.0,0.0724247608,0.0405955234
SYVN1,0.245758552,0.0,0.0,0.0,0.0258555289,0.0384082861,0.0,0.0142102201,0.0405290734
REPIN1,0.1467028091,0.0,0.0,0.0,0.0471778652,0.0495490725,0.0,0.0805070557,0.0404921003
DDOST,0.0,0.0,0.0,0.014578444883227348,0.1643367626,0.0631068729,0.0,0.0815343606,0.0404445551
LARGE1,0.0,0.1791178347,0.0,0.0,0.0918091847,0.0204973311,0.0,0.0273484787,0.0398466037
GBF1,0.0,0.0,0.0,0.0,0.1737806661,0.0633097975,0.0,0.0798468018,0.0396171582
BET1,0.0,0.0,0.0,0.0,0.1080298917,0.1074487462,0.0,0.1006550068,0.0395167056
AP3M2,0.2028483286,0.0,0.0,0.0,0.0096965524,0.0556917366,0.0,0.0473595943,0.0394495265
AP1G1,0.2200542136,0.0,0.0,0.0,0.0362553688,0.0311711153,0.0,0.0202853843,0.0384707602
RAB40C,0.0,0.0,0.0,0.0,0.0828131535,0.1210550065,0.0,0.103543831,0.0384264989
YWHAQ,0.1628098369,0.0,0.0,0.0,0.0671601045,0.0425257532,0.0,0.0345102177,0.038375739
TRAM1,0.1141021848,0.0,0.0,0.0,0.1193152701,0.0046702533,0.0,0.0677071953,0.0382243629
PIGK,0.1521362465,0.0,0.0,0.0,0.075145167,0.0478648635,0.0,0.0296578423,0.0381005149
STT3B,0.0,0.0,0.0,0.0,0.0645310941,0.0983936283,0.0,0.1413178907,0.0380303266
TOR1A,0.0,0.1400432502,0.0,0.0,0.0727308452,0.0236646018,0.0,0.0677316927,0.0380212987
MGAT4B,0.0876594563,0.0,0.0,0.0,0.0735357051,0.0887826924,0.0,0.053123682,0.037887692
SEC24B,0.0,0.0,0.0,0.0,0.1763228892,0.0586971214,0.0,0.0658233617,0.0376054215
HSPA6,0.095085154,0.0,0.0,0.0,0.0134257034,0.1163001805,0.0,0.072008481,0.0371024399
COPB2,0.1996788235,0.0,0.0,0.0,0.043256491,0.0341241887,0.0,0.0173082426,0.0367959682
RAB13,0.0,0.1930758602,0.0,0.0,0.0070826493,0.0308025605,0.0,0.0627121679,0.0367091547
RAB28,0.0,0.0,0.0,0.0,0.0652654308,0.1039554158,0.0,0.1223543765,0.0364469029
MGAT5,0.1811145791,0.0,0.0,0.0,0.0383401634,0.0261942743,0.0,0.0429237861,0.0360716004
RAB11FIP1,0.1521362465,0.0,0.0,0.0,0.0024070294,0.0892190457,0.0,0.0447876148,0.036068742
RAB21,0.0,0.0,0.0,0.0,0.0608873073,0.1204957699,0.0,0.1053593643,0.0358428052
SYTL2,0.1045418845,0.0819469126,0.0,0.0,0.0065414681,0.0807474053,0.0,0.0127155903,0.0358116576
BAG2,0.0,0.0,0.0,0.0,0.0102032957,0.1036334104,0.0408598314,0.131235359,0.0357414871
PIGB,0.0,0.0,0.0,0.0,0.1039810627,0.0932011026,0.0,0.088589302,0.0357214334
RAB6A,0.1217089972,0.1359993201,0.0,0.0,0.0056570252,0.0030795808,0.0,0.015554357,0.03524991
ERO1B,0.1901703081,0.0,0.0,0.0,0.0191941402,0.0687692051,0.0,0.0028666854,0.0351250423
ERP27,0.086934998,0.1319997144,0.0,0.0,0.0093385319,0.0484564397,0.0,0.0031877162,0.034989675
MAN1A2,0.0,0.0,0.0,0.0,0.0745512617,0.1198216292,0.0,0.0808210702,0.0343992451
RAB37,0.1521362465,0.0,0.0,0.0,0.0378327802,0.0474742915,0.0,0.0362741385,0.0342146821
TMX2,0.2008585897,0.0,0.0,0.0,0.0050096316,0.0445603556,0.0,0.0224094785,0.0341047569
B4GALT3,0.0,0.0,0.0,0.004851883742958307,0.1558179955,0.0274615959,0.0,0.0840519634,0.0340229298
SEC13,0.1584752567,0.0,0.0,0.0,0.0898425189,0.0118619368,0.0,0.0094917027,0.0337089269
PIGF,0.0,0.0,0.0,0.0,0.1381093048,0.0684875174,0.0,0.0602619063,0.0333573411
HSPA4L,0.0,0.0,0.0,0.0,0.0691949884,0.1900468376,0.0,0.007080197,0.0332902529
UBE2G1,0.1492949923,0.0,0.0,0.0,0.0722370479,0.0205834706,0.0,0.0225175076,0.0330791273
AP1M1,0.0,0.0,0.0,0.0,0.08028971,0.0845825688,0.0,0.0977908799,0.0328328948
NAPA,0.1540379495,0.0,0.0,0.0,0.0229576937,0.0227507117,0.0,0.0617123618,0.0326823396
DOLK,0.1449768937,0.0,0.0,0.0,0.0335967268,0.0503428894,0.0,0.0315838381,0.0325625435
TXNDC5,0.0,0.0,0.0,0.0,0.0246267507,0.0897318873,0.0,0.1449398934,0.0324123164
TBC1D19,0.0,0.0,0.0,0.0,0.0705861905,0.1031552849,0.0,0.0838119096,0.0321941731
GOSR1,0.1521362465,0.0,0.0,0.0,0.0559775611,0.0302499568,0.0,0.0172287894,0.0319490692
LMAN2,0.1069476695,0.0,0.0,0.0,0.0661919942,0.0467027896,0.0,0.0323706582,0.0315266389
MGAT2,0.0,0.0,0.0,0.0,0.001808733,0.1214753305,0.0,0.1281110057,0.0314243836
HSPA1B,0.0,0.0,0.0,0.06050458177924156,0.0360551897,0.1136252335,0.0,0.0395143728,0.0312124222
PIGL,0.0,0.0759375796,0.0,0.0,0.0623661674,0.1067714154,0.0,0.0027730879,0.0309810313
TMED10,0.0,0.0,0.0,0.0,0.1489643785,0.076698028,0.0,0.019848714,0.0306888901
RAB3IL1,0.0,0.0,0.0,0.0,0.0361727334,0.1142905598,0.0,0.0946567632,0.030640007
HSPBP1,0.0,0.0,0.0,0.0,0.0269448078,0.1013450582,0.0,0.1164182515,0.0305885147
ERN1,0.0,0.0,0.0,0.0,0.0762805408,0.0559200041,0.0,0.1115390773,0.0304674528
ALG9,0.0,0.1312501375,0.0,0.0,0.0732506326,0.0266716614,0.0,0.0117790069,0.0303689298
IQSEC2,0.0,0.0,0.0,0.0,0.0297090811,0.0878025921,0.0,0.1251148866,0.03032832
UBA1,0.0,0.0,0.0,0.0,0.038632522,0.0693392977,0.0,0.1343926316,0.0302955564
SEC61A1,0.1222523409,0.073500077,0.0,0.0,0.0161137495,0.0078938067,0.0,0.0201716524,0.0299914533
SRP19,0.1818300676,0.0,0.0,0.0,0.0222802099,0.0012569829,0.0,0.0340730458,0.0299300383
VAMP2,0.0,0.0,0.0,0.0,0.099550836,0.0238922706,0.0,0.1157664606,0.0299011959
SVIP,0.1711532773,0.0,0.0,0.0,0.0147270382,0.0394002099,0.0,0.0112352904,0.029564477
HAS3,0.0,0.0,0.0,0.08839644491672516,0.0102954922,0.0604175137,0.0,0.0753049382,0.0293017986
EDEM3,0.0,0.0,0.0,0.0,0.0452619982,0.0873190524,0.0,0.1016498038,0.0292788568
STX10,0.1981774789,0.0,0.0,0.0,0.0190656619,0.0022455748,0.0,0.013232823,0.0290901923
ARFGAP3,0.0,0.0,0.0,0.0,0.090513274,0.0827593867,0.0,0.0570621691,0.0287918537
GLT1D1,0.0,0.0,0.0,0.02469576895236969,0.0143326708,0.0980971222,0.0,0.0926782078,0.0287254712
DNAJC10,0.0,0.0,0.0,0.0,0.0232841601,0.0844951609,0.0,0.1188365505,0.0283269839
GALNT2,0.0,0.0701089149,0.0,0.0,0.0198004537,0.0818117192,0.0,0.0537013765,0.028177808
SEC23A,0.0,0.0,0.0,0.0,0.1136017755,0.0354464944,0.0,0.0761657783,0.028151756
YOD1,0.0,0.0,0.0,0.0,0.0438300289,0.0910969722,0.0,0.0881226779,0.0278812099
AP3S1,0.0,0.0,0.0,0.0,0.1293107799,0.0244738176,0.0,0.0683378971,0.0277653118
PDIA4,0.0691558104,0.0,0.0,0.0,0.0833305637,0.0105810645,0.0,0.0574498811,0.027564665
AP3M1,0.1467028091,0.0,0.0,0.0,0.0309932567,0.0337499219,0.0,0.0080915147,0.0274421878
IQSEC1,0.0,0.0,0.0,0.0,0.0598985888,0.0759182269,0.0,0.0821575148,0.0272467913
ACAP3,0.0,0.0,0.0,0.0,0.0610296555,0.0964982988,0.0,0.0562679365,0.0267244864
KDELR2,0.0,0.0,0.0,0.0,0.07397415,0.0472777367,0.0,0.0899943154,0.0264057753
ALG14,0.0,0.0,0.0,0.0,0.1209955993,0.0291298289,0.0,0.0599887067,0.0262642669
NET1,0.0,0.0,0.0,0.0,0.1152362368,0.0797918846,0.0,0.0145203157,0.0261935546
WDR38,0.0,0.0,0.0,0.0,0.0996187449,0.0381772342,0.0,0.0683028196,0.0257623498
ERLEC1,0.1296354235,0.0,0.0,0.0,0.0087837352,0.017110517,0.0,0.0379555006,0.024185647
PPIA,0.0,0.0,0.0,0.0,0.1028682676,0.0589122258,0.0,0.0296749927,0.0239319358
ERP44,0.0,0.0,0.0,0.0,0.1140841108,0.0517902708,0.0,0.0238445668,0.0237148686
TBC1D22B,0.0,0.0,0.0,0.0,0.1747631059,0.0049556072,0.0,0.0076474868,0.023420775
ALG11,0.0,0.0,0.0,0.0,0.1306164551,0.0210990467,0.0,0.0319828355,0.0229622922
SPCS3,0.1281470208,0.0,0.0,0.0,0.0236085042,0.0,0.0,0.0318516596,0.0229508981
NAPB,0.0,0.0,0.0,0.0,0.0358806224,0.0777686686,0.0,0.0678475827,0.0226871092
UBQLN4,0.0998394117,0.0,0.0,0.0,0.0303614474,0.0089078613,0.0,0.0407671674,0.022484486
GGA3,0.1141021848,0.0,0.0,0.0,0.0443998605,0.018973041,0.0,0.0019885956,0.0224329602
SEC16A,0.0,0.0,0.0,0.0,0.0723234513,0.0360171158,0.0,0.0696621423,0.0222503387
ARHGEF11,0.0,0.0,0.0,0.0,0.076008872,0.0580720631,0.0,0.0432087816,0.0221612146
ALG8,0.0,0.0,0.0,0.0,0.0983969191,0.0213963395,0.0,0.0552706497,0.0218829885
VAMP7,0.0,0.0,0.0,0.0,0.0293405918,0.0819770641,0.0,0.0631962695,0.0218142407
RABGAP1L,0.0,0.0,0.0,0.0,0.0115329885,0.0648033192,0.0,0.0965579593,0.0216117834
HSP90B1,0.1141021848,0.0,0.0,0.0,0.0149006231,0.038540723,0.0,0.00344901,0.0213740676
GGA1,0.0,0.0,0.0,0.0,0.0140810942,0.0651333096,0.0,0.0907698308,0.0212480293
SEC31B,0.0,0.0,0.0,0.0,0.023635469,0.0673611351,0.0,0.0761607868,0.0208946739
TRAPPC6B,0.0,0.0,0.0,0.0,0.0881798738,0.0643216092,0.0,0.014193076,0.0208368199
STT3A,0.0,0.0,0.0,0.0,0.0526081051,0.0717460075,0.0,0.0422722471,0.020828295
GANAB,0.0,0.0864283844,0.0,0.0,0.0,0.0280350808,0.0,0.050150156,0.0205767026
RAB8A,0.0933563331,0.0,0.0,0.0,0.0283529042,0.025509398,0.0,0.0081624914,0.0194226408
RAD23B,0.0,0.0,0.0,0.0,0.025951695,0.0576889896,0.0,0.0716454851,0.0194107712
TMED8,0.0,0.0,0.0,0.0,0.0316097737,0.065982404,0.0,0.0566090523,0.0192751538
POMT2,0.0,0.0,0.0,0.0,0.0551345606,0.0775884202,0.0,0.0213730492,0.0192620038
ARF6,0.0,0.0,0.0,0.0,0.0840792175,0.0444775159,0.0,0.0250267964,0.0191979412
TXNDC12,0.0,0.0,0.0,0.0,0.0906917209,0.0317811506,0.0,0.028545817,0.0188773361
RAB2B,0.0,0.0,0.0,0.0,0.1049648384,0.0200089946,0.0,0.0258704154,0.018855531
PDIA5,0.0,0.0,0.0,0.0,0.0395255815,0.0539932121,0.0,0.054533262,0.018506507
AP3S2,0.0,0.0,0.0,0.0,0.0568965654,0.0417002004,0.0,0.0486488715,0.0184057047
UBXN6,0.0,0.0750825515,0.0,0.0,0.0221891774,0.0270460295,0.0,0.02223683,0.0183193236
LMAN1,0.0,0.0,0.0,0.0,0.0711238349,0.0196935659,0.0,0.055452731,0.0182837665
GXYLT1,0.0,0.0,0.0,0.0,0.0487230498,0.0207594822,0.0,0.076066667,0.0181936499
CRYAB,0.0,0.0,0.0,0.0,0.0253443269,0.0676443018,0.0,0.0493042078,0.0177866046
ACAP1,0.0,0.0,0.0,0.0,0.0919976797,0.0193966397,0.0,0.0291301665,0.0175655607
TRAPPC5,0.0,0.0,0.0,0.0,0.0495324072,0.0182449219,0.0,0.0717465715,0.0174404876
RAB5A,0.0316950513,0.0,0.0,0.0,0.012753657,0.0408848947,0.0,0.0540986399,0.0174290304
POMT1,0.0,0.0,0.0,0.0,0.0383364737,0.0706262358,0.0,0.0300420606,0.0173755963
UGGT1,0.0,0.0,0.0,0.0,0.0947347849,0.0293142596,0.0,0.0141665436,0.0172769485
USP6NL,0.043627306,0.0,0.0,0.0,0.0234363418,0.0164734984,0.0,0.052137532,0.0169593348
SURF4,0.0,0.0,0.0,0.0,0.0818305913,0.0292491463,0.0,0.0220395598,0.0166399122
AP1S1,0.0,0.0,0.0,0.0,0.0526477702,0.0173628562,0.0,0.0627234299,0.016591757
MYO5B,0.0,0.0,0.0,0.0,0.0294917683,0.0236894538,0.0,0.0775879443,0.0163461458
GGA2,0.0,0.0,0.0,0.0,0.0567126185,0.0298927813,0.0,0.0418740162,0.016059927
APPL1,0.0,0.0,0.0,0.0,0.0184365083,0.0332346342,0.0,0.07458061,0.0157814691
EXOC6B,0.0,0.0,0.0,0.0,0.0488700063,0.0553310238,0.0,0.0207759248,0.0156221194
AGAP3,0.0,0.0691427075,0.0,0.0,0.011338432,0.0442328197,0.0,9.52344e-05,0.0156011492
TMED5,0.0,0.0,0.0,0.0,0.0232388122,0.0692907328,0.0,0.0322326937,0.0155952798
RABEP1,0.0,0.0,0.0,0.0,0.0001432377,0.0530995439,0.0,0.0693376788,0.0153225576
COG6,0.0,0.0,0.0,0.0,0.0438717407,0.0265482706,0.0,0.0474338002,0.0147317264
PIGZ,0.0,0.0,0.0,0.0,0.0312438019,0.0105667067,0.0,0.0697432712,0.0139442225
UBE2D4,0.0,0.0,0.0,0.0,0.0366613814,0.000554912,0.0,0.0711517795,0.0135460091
VAMP4,0.0,0.0,0.0,0.0,0.0114552241,0.0613385647,0.0,0.0320172622,0.0131013814
HSPA1L,0.0,0.0,0.0,0.0,0.0337579211,0.0626645918,0.0,0.0061915974,0.0128267638
ANKFY1,0.0,0.0,0.0,0.0,0.0166498123,0.0232165262,0.0,0.0595587832,0.0124281402
RRBP1,0.0,0.0,0.0,0.0,0.017197624,0.0768276441,0.0,0.0036389024,0.0122080213
ARHGAP1,0.0,0.0,0.0,0.0,0.0503449268,0.0254119538,0.0,0.0218213437,0.012197278
COPB1,0.0,0.0,0.0,0.0,0.015523189,0.0373553625,0.0,0.0439014188,0.0120974963
GALNT7,0.0,0.0,0.0,0.0,0.061777008,0.0268974461,0.0,0.0016206609,0.0112868894
DNAJC3,0.0,0.0,0.0,0.0,0.0253992543,0.0395491021,0.0,0.0219623473,0.010863838
PAK1,0.0,0.0,0.0,0.0,0.0503802731,0.0166205607,0.0,0.0100307084,0.0096289428
RPN1,0.0,0.0,0.0,0.0,0.0387010389,0.0290275589,0.0,0.0074276007,0.0093945248
UBE2G2,0.0,0.0,0.0,0.0,0.0426900389,0.0219050897,0.0,0.009347925,0.0092428817
AP3B2,0.0,0.0,0.0,0.0,0.0013172325,0.0351545401,0.0,0.030973698,0.0084306838
RAB4B,0.0,0.0,0.0,0.0,0.0512693421,0.0131995825,0.0,0.0008133619,0.0081602858
ALG1,0.0,0.0,0.0,0.0,0.0276352947,0.0124842531,0.0,0.0239861689,0.0080132146
EEA1,0.0,0.0,0.0,0.0,0.0077691773,0.0441139383,0.0,0.0010162143,0.0066124162
UBXN2A,0.0,0.0,0.0,0.0,0.0005100053,0.0461481635,0.0,0.0057126067,0.0065463469
HSPA8,0.0,0.0,0.0,0.0,0.0152323501,0.0305750927,0.0,0.0034394676,0.0061558638
TMX3,0.0,0.0,0.0,0.0,0.0061964039,0.0222018953,0.0,0.0205794911,0.0061222238
UBE2D1,0.0,0.0,0.0,0.0,0.0057873845,0.0214515071,0.0,0.0210442826,0.0060353968
BAX,0.0,0.0,0.0,0.0,0.0078115459,0.0066589277,0.0,0.0331961807,0.0059583318
DAD1,0.0,0.0,0.0,0.0,0.0026991025,0.0202914937,0.0,0.0211767573,0.0055209192
ALG13,0.0,0.0,0.0,0.0,0.0153246967,0.0171639491,0.0,0.0099464823,0.005304391
ARHGAP5,0.0,0.0,0.0,0.0,0.0308614398,0.0084774435,0.0,0.0016720826,0.0051263707
DNAJC1,0.0,0.0,0.0,0.0,0.0091565035,0.0212960716,0.0,0.0029001271,0.0041690878
SEC63,0.0,0.0,0.0,0.0,0.0135822332,0.0051980167,0.0,0.0120017391,0.0038477486
AP3B1,0.0,0.0,0.0,0.0,0.0049029945,0.0081676307,0.0,0.0020435579,0.0018892729
