GeneNames,ExtraTreesRegressor,RandomForestRegressor,AdaBoostRegressor,XGBRegressor,SVR,LassoRegression,RidgeRegression,Average
MAP2K7,0.5977260689,0.5498295243,0.2407071521,0.3791668117046356,0.6259062899,0.0,0.6831387613,0.4394963726
MAN1C1,1.0,1.0,0.0728662311,0.5765951871871948,0.0581650131,0.0,0.0737304686,0.3973367
A3GALT2,0.1590777191,0.1529014402,1.0,0.11750337481498718,0.6624132861,0.0,0.6533792811,0.3921821573
EIF2S1,0.3237859353,0.1313888518,0.20832374,0.09322302788496017,0.9141076516,0.0,0.8899061787,0.3658193408
OSGIN2,0.07067168,0.049291163,0.167623325,0.19249048829078674,0.998426927,0.0,1.0,0.3540719405
COPE,0.0387819118,0.0711200599,0.0388968556,0.02513597533106804,1.0,0.0,0.9717836557,0.3065312083
HSPA1B,0.1292124543,0.1171177916,0.1891992149,0.09586800634860992,0.7573545257,0.0,0.7012578889,0.284287126
SRP72,0.2595002133,0.1397846371,0.0954412682,4.245710078976117e-05,0.7153692394,0.0,0.6400248451,0.2643089515
ARHGEF11,0.0951185764,0.0043117018,0.0,1.0,0.3853155682,0.0,0.3479652888,0.2618158765
APPL1,0.2446222796,0.1680367244,0.2539902908,0.26564595103263855,0.4490772047,0.0,0.4103170596,0.2559556443
PIK3C3,0.1954702118,0.0,0.357626404,0.2596434950828552,0.4885302725,0.0,0.4282374171,0.2470725429
CTBP1,0.1714084046,0.060632458,0.0,0.0,0.704363382,0.0,0.7083243457,0.2349612272
UBQLN4,0.5189075211,0.3471161814,0.2376761635,0.3661695122718811,0.0420994422,0.0,0.1303544004,0.234617603
SMCHD1,0.0617976437,0.0044749323,0.0,0.06076909974217415,0.7348415961,0.0,0.7044788146,0.2237660123
ARFGAP1,0.054945013,0.0047020421,0.0,0.07652553170919418,0.7541981769,0.0,0.6696956956,0.222866637
WFS1,0.2416610518,0.3337752351,0.6772300454,0.020936664193868637,0.1612514648,0.0,0.1250976276,0.2228502984
UBQLN1,0.0088784403,0.0324145289,0.0,2.7168800443178043e-05,0.7685947136,0.0,0.738065132,0.2211399977
MAN1A1,0.1221461598,0.2122391026,0.0754988158,0.0022308521438390017,0.5651271592,0.0,0.5617484726,0.2198557946
DNAJB1,0.1001471259,0.0100886727,0.0,0.033800333738327026,0.7102573564,0.0,0.6483056691,0.2146570225
P4HB,0.1230778111,0.0037152604,0.0,0.20736035704612732,0.5613496697,0.0,0.5793568847,0.2106942833
ARF5,0.316763062,0.1276291836,0.0,0.006215470843017101,0.5361763128,0.0,0.481498285,0.2097546163
ARHGAP5,0.016832043,0.0719227986,0.0,0.049184076488018036,0.6979712998,0.0,0.6170595762,0.2075671134
ACAP3,0.0164312801,0.0626080945,0.0,0.0011845689732581377,0.7128557618,0.0,0.6595393933,0.2075170141
STX10,0.5339659866,0.2073859924,0.2614104469,0.1031012162566185,0.1956451887,0.0,0.1467060413,0.2068878389
GALNT16,0.1719562558,0.0640316901,0.0707773028,0.0048796143382787704,0.5686345588,0.0,0.5625175902,0.2061138589
RAB17,0.0456937095,0.0099267319,0.0,0.0008495391812175512,0.6946879918,0.0,0.6761487402,0.2039009589
ARAP2,0.1095886662,0.1258974243,0.0,0.020864268764853477,0.5967273551,0.0,0.5737873706,0.2038378693
RAB5A,0.1894637535,0.0326838396,0.1244716611,0.0012807311723008752,0.5761810973,0.0,0.4946094965,0.2026700827
PIK3CA,0.2529852285,0.0141608905,0.1167330217,0.08935002237558365,0.4597988146,0.0,0.4627310087,0.1993941409
QSOX2,0.4875192504,0.2445371681,0.0218743682,0.2650313377380371,0.2125919674,0.0,0.1599577583,0.1987874072
RAB33B,0.1544215073,0.0325662827,0.123397758,0.0035094507038593292,0.5341300924,0.0,0.5379219674,0.1979924369
PDIA4,0.1954928691,0.2638096104,0.2870317722,0.03079460747539997,0.3290451557,0.0,0.2791980752,0.1979102986
TBC1D17,0.0477614036,0.0292161034,0.4035147782,1.8768900190480053e-05,0.4246256066,0.0,0.4584871123,0.1948033961
GALNT3,0.0064122069,0.0910851812,0.0,0.0004715273971669376,0.634779517,0.0,0.6203472384,0.1932993816
CKAP4,0.1185068739,0.1296219722,0.2203597721,0.4178360402584076,0.2568237787,0.0,0.2090264237,0.1931678373
GBGT1,0.0714853822,0.0798965424,0.2421891763,0.4759789705276489,0.2482057719,0.0,0.2311003937,0.1926937481
ARHGEF6,0.429801554,0.0044749323,0.131991211,0.0,0.3890500538,0.0,0.3894394854,0.1921081766
GALNT11,0.0985677836,0.1493460365,0.0,1.1573999927350087e-06,0.5598313782,0.0,0.5294518615,0.1910283167
EXOC5,0.0342787901,0.0149458772,0.3664733025,0.05956057086586952,0.4653748313,0.0,0.3945636066,0.1907424255
EIF2AK4,0.149021838,0.0,0.4659171641,0.3881087601184845,0.1466647049,0.0,0.1809364464,0.1900927019
SAR1A,0.0802344335,0.0476977452,0.0,0.08288062363862991,0.5623889804,0.0,0.5567714594,0.1899961774
AP1G1,0.2797980116,0.0578701169,0.0,0.45601117610931396,0.2444691094,0.0,0.2554385205,0.1847981335
RAB40C,0.0593155853,0.0619801991,0.0,0.051014941185712814,0.5926689061,0.0,0.5207992325,0.1836826949
PRKCSH,0.2597160814,0.014352642,0.0,0.2215721756219864,0.3688177111,0.0,0.4173933515,0.1831217088
TMED5,0.0897736664,0.0100227115,0.0,0.2904098629951477,0.4858291023,0.0,0.4040365945,0.1828674197
TXNDC5,0.1348308479,0.0,0.0,0.0,0.5636585043,0.0,0.5789106532,0.1824857151
PIGS,0.169186858,0.0,0.0,0.00027248309925198555,0.5841534911,0.0,0.5210282498,0.1820915831
TBC1D9B,0.1783590338,0.0,0.0,0.01995469443500042,0.543334624,0.0,0.5207740743,0.1803460609
TRAPPC4,0.1812997862,0.0095737617,0.0,0.017912914976477623,0.5259436761,0.0,0.5221878509,0.1795597128
UGCG,0.2339544529,0.0537774264,0.0,0.0001536842028144747,0.5244257131,0.0,0.4394035449,0.1788164031
GOSR2,0.1589324383,0.0762371839,0.0,0.001948273042216897,0.5519709631,0.0,0.4553526795,0.1777773625
SPCS2,0.1478181875,0.1008838994,0.3718821131,0.17162379622459412,0.2477905431,0.0,0.1965334077,0.176647421
RNF5,0.2944092707,0.2094115269,0.0260876743,0.10387981683015823,0.2787619338,0.0,0.3231900704,0.1765343276
PIGZ,0.086604869,0.1349110956,0.0808599772,0.3525729477405548,0.288660089,0.0,0.2903365991,0.1762779397
RABGAP1,0.0718697043,0.0741359344,0.0,0.002330890391021967,0.5589182024,0.0,0.496352581,0.1719439018
EXOC1,0.1412772733,0.0124608088,0.0,0.039129555225372314,0.5172030146,0.0,0.4862735435,0.1709063136
CLTC,0.104347563,0.0,0.0,0.001744546229019761,0.6110555285,0.0,0.4770552182,0.170600408
ARFGAP2,0.1733601167,0.0810150828,0.067245725,0.5053504109382629,0.2116728581,0.0,0.1383249329,0.1681384466
ARF4,0.0958552061,0.0124075909,0.0,0.17935092747211456,0.4474703471,0.0,0.4404165492,0.1679286601
PDIA2,0.3525542597,0.0727217621,0.5492716331,0.0,0.0972571984,0.0,0.1035419254,0.1679066827
ACAP2,0.1249639065,0.0278654663,0.0,0.0,0.5583730602,0.0,0.4599851092,0.167312506
WDR38,0.2599948627,0.0301573418,0.0,0.03366278484463692,0.4702026754,0.0,0.3759192078,0.1671338389
TOR1A,0.027492337,0.0252925591,0.0,3.575200025807135e-06,0.5533101254,0.0,0.5632665926,0.1670521699
ARF6,0.1061362141,0.086344363,0.0,0.009947335347533226,0.4974382813,0.0,0.4694929086,0.1670513003
PIGN,0.1561457362,0.0714340788,0.1730607775,0.0,0.3734107837,0.0,0.3948634275,0.1669878291
BAK1,0.1943987397,0.0100398956,0.3189337209,0.1187928095459938,0.2969837687,0.0,0.2286862334,0.1668335954
RAB11FIP1,0.3831517679,0.3637129877,0.0,0.024002650752663612,0.1833244362,0.0,0.2112549139,0.1664923938
RAB1A,0.2559768249,0.0440678751,0.0,0.8206762075424194,0.0104967569,0.0,0.0302878426,0.1659293581
KIF23,0.1389948605,0.0042822319,0.0,8.915150101529434e-05,0.5546215619,0.0,0.4617932997,0.1656830151
COPZ2,0.1396666596,0.0288952455,0.0,0.004392900038510561,0.5451750599,0.0,0.4404320759,0.1655088487
MGAT5,0.2393125948,0.2002756933,0.234878889,0.3481996953487396,0.0527051743,0.0,0.0741658085,0.1642196936
DNAJB2,0.1528914761,0.0557599817,0.0,3.752730117412284e-05,0.4973135136,0.0,0.4423162908,0.1640455414
JUN,0.499767115,0.0204384121,0.0,0.37780213356018066,0.1140996238,0.0,0.135831569,0.1639912648
PIGF,0.1243114067,0.0256823641,0.0,0.0,0.4889487126,0.0,0.5066400014,0.1636546407
EIF2AK2,0.0354433905,0.008677607,0.0,1.5312000414269278e-06,0.5657926759,0.0,0.5266055597,0.1623601092
GLT8D1,0.0225988654,0.0768999073,0.1227719195,0.03417356684803963,0.4482364364,0.0,0.4297517721,0.1620617811
PPIA,0.1499714936,0.0384687167,0.0,0.0,0.5415469336,0.0,0.4003196745,0.1614724026
GALNT9,0.187628551,0.0197635439,0.1495848527,0.0003192661970388144,0.3729697598,0.0,0.3988079394,0.1612962733
PIGB,0.1856377366,0.0510009313,0.0,0.12494605779647827,0.3736855998,0.0,0.3934029261,0.1612390359
GALNT18,0.2440026493,0.2046397295,0.5086805417,0.01788097433745861,0.0620779304,0.0,0.0854473414,0.1603898809
RAB44,0.084996915,0.0208279581,0.2294242639,0.06090698391199112,0.4058273372,0.0,0.3183588724,0.1600489044
UBXN2A,0.0225286018,0.2896012296,0.0,0.3418734073638916,0.2394015972,0.0,0.2213813573,0.1592551705
VAMP7,0.0934579151,0.0712056041,0.0,4.2260001009708503e-07,0.4954950406,0.0,0.4502409641,0.1586285638
CYTH3,0.0955500518,0.0123242028,0.0,0.03567325323820114,0.4719323246,0.0,0.4841721131,0.1570931351
RAB11B,0.0419609196,0.0291967421,0.0,0.0019011349650099874,0.5164607571,0.0,0.5077012221,0.1567458251
DPM2,0.0912579832,0.1135390263,0.0,0.04759914055466652,0.4229387836,0.0,0.4141300029,0.1556378481
POMT1,0.1285181011,0.0046496349,0.0,0.0002012530021602288,0.455024027,0.0,0.4981648637,0.1552225542
ARFIP1,0.1296385,0.0638179922,0.0,1.701099972706288e-05,0.456910148,0.0,0.4324294288,0.1546875829
SEC62,0.2661881664,0.0767788438,0.0,0.014380975626409054,0.367072365,0.0,0.3556861907,0.1543009345
TBC1D10B,0.1165931863,0.0701725847,0.0159169494,1.616080044186674e-05,0.4770090968,0.0,0.3978546231,0.1539375144
USP6NL,0.0940922678,0.1056130345,0.2178420328,0.14701946079730988,0.204739907,0.0,0.3062526866,0.1536513414
ALG6,0.0426810373,0.1665617307,0.2733497956,0.006746051367372274,0.2631328742,0.0,0.3155532942,0.1525749691
ACAP1,0.0731983948,0.0147957615,0.0,0.00033314101165160537,0.4681501388,0.0,0.50952959,0.152286718
REPIN1,0.3747581823,0.2219585231,0.1179797795,0.33976393938064575,0.0015564303,0.0,0.0095485065,0.152223623
STT3A,0.0142055044,0.0,0.217741416,1.7559999321292707e-07,0.4567592353,0.0,0.3686461529,0.1510503549
RAB33A,0.072175315,0.01361861,0.0,0.004683502018451691,0.4987489241,0.0,0.4644499793,0.1505251901
ERLEC1,0.0970953643,0.0150568417,0.0,0.0010933633893728256,0.4909924728,0.0,0.4467909409,0.1501469976
ALG8,0.1109353426,0.0312841397,0.0,0.017821455374360085,0.466103285,0.0,0.4239199494,0.1500091674
TRAPPC5,0.036245828,0.0148647108,0.0,0.0007613471825607121,0.5264456415,0.0,0.4685264375,0.1495491379
AP3D1,0.0617959383,0.0,0.0,0.0,0.5345323721,0.0,0.4483375936,0.1492379863
RPN2,0.1577879778,0.0104129144,0.1716421494,9.852499715634622e-06,0.3763193932,0.0,0.3273593753,0.1490759518
PIGL,0.0632800382,0.0040162731,0.2349843915,0.08235391974449158,0.3647276055,0.0,0.2916017768,0.1487091435
TRAPPC3,0.1176031283,0.152746164,0.0,0.00026741559850052,0.4246893726,0.0,0.3450403858,0.1486209238
TMX4,0.0288549309,0.0507657251,0.1252699789,0.2289901077747345,0.2936869703,0.0,0.3084398521,0.1480010807
RAB4B,0.1829708374,0.3159912959,0.0,0.002103968756273389,0.2262768188,0.0,0.2993078712,0.1466643989
DNAJC5,0.1640734944,0.1373507531,0.1634631414,0.13301759958267212,0.1932105547,0.0,0.2301368919,0.145893205
DPAGT1,0.0088167844,0.076113911,0.0,0.0024166794028133154,0.476894741,0.0,0.4520193728,0.1451802127
MCF2L,0.0618648548,0.0869262988,0.0188600188,0.08260632306337357,0.3924855094,0.0,0.3692061561,0.1445641659
BNIP1,0.3080688612,0.448639461,0.0,0.08408668637275696,0.0368570313,0.0,0.1214858697,0.1427339871
VAMP2,0.0720199797,0.0,0.0,1.9931999304390047e-06,0.4805731177,0.0,0.442926464,0.1422173649
UBE2E3,0.0272833116,0.068560537,0.0,0.01992703787982464,0.4612340628,0.0,0.4148282126,0.1416904517
MICALCL,0.0975860205,0.0564379191,0.0,0.09710592776536942,0.3599356195,0.0,0.3797753204,0.1415486868
PIGO,0.4738810604,0.0,0.1484478677,0.061270926147699356,0.1613161427,0.0,0.1458495465,0.1415379348
EDEM2,0.0571424813,0.0382435323,0.0,7.243509753607213e-05,0.4582176442,0.0,0.4356021171,0.1413254586
RAD23A,0.1069623443,0.1773365236,0.0,3.2049999276750896e-07,0.3364836173,0.0,0.363606547,0.1406270504
RAB3IL1,0.1922262268,0.1558454933,0.0,0.2806289494037628,0.1619077246,0.0,0.1908722134,0.1402115154
DNMBP,0.076016574,0.0194054501,0.0,0.017922397702932358,0.471155434,0.0,0.3937547604,0.1397506595
RAB39B,0.0711551205,0.0412737863,0.0,0.00015712660388089716,0.4479808512,0.0,0.4134928484,0.1391513904
DDIT3,0.1570630088,0.1400628837,0.3390341735,0.00032084400299936533,0.1479367101,0.0,0.1846292138,0.138435262
PGAP1,0.1298792132,0.115838343,0.0,0.07672101259231567,0.3315394173,0.0,0.3121911686,0.138024165
DPM3,0.1250293858,0.0122326712,0.0,1.1070000027757487e-06,0.4172494229,0.0,0.3917736764,0.1351837519
IFT27,0.0723519399,0.0551030324,0.0020892329,0.00033020679256878793,0.4518542246,0.0,0.3644512901,0.135168561
RAB42,0.0351808196,0.0661900713,0.0,4.092209928785451e-05,0.4076586093,0.0,0.4323364448,0.1344866953
NDE1,0.1937608287,0.0186636738,0.0,0.0024576131254434586,0.3930089,0.0,0.3286015482,0.133784652
AP3M1,0.0744038978,0.0,0.0,0.0,0.4299673682,0.0,0.4264616142,0.1329761257
SEC13,0.2105738933,0.0387386383,0.0511026738,1.0784399819385726e-05,0.3062781069,0.0,0.3238889534,0.1329418643
HSP90B1,0.3467395369,0.0976613597,0.0748400008,0.199756920337677,0.1076636421,0.0,0.0990131024,0.1322392232
DNAJB9,0.0915570101,0.1813330144,0.0,0.0052317120134830475,0.3027016941,0.0,0.3385302737,0.1313362435
RAB29,0.1393100487,0.0626083298,0.2318040108,0.03800550475716591,0.2504435495,0.0,0.1970420628,0.1313162152
CLTB,0.0386335464,0.1462511643,0.2050492111,0.0,0.239332967,0.0,0.2846685502,0.1305622056
RAB40A,0.3834541878,0.0504568238,0.1894013333,0.254751980304718,0.001306117,0.0,0.0338048525,0.1304536135
SIL1,0.1071544327,0.0,0.0,0.0,0.4423198653,0.0,0.3598661105,0.1299057726
RAB5B,0.2079460305,0.055827179,0.0,0.0018918509595096111,0.3111684229,0.0,0.3317945547,0.1298040054
DOLPP1,0.0616986317,0.0191757239,0.0,0.009386627934873104,0.4113199893,0.0,0.3997152485,0.128756603
ERP27,0.2994011718,0.1626544561,0.0,0.010341379791498184,0.2090929937,0.0,0.2192253741,0.1286736251
DERL2,0.1425815704,0.0894418423,0.0,0.023246703669428825,0.3378417246,0.0,0.3071688982,0.1286115342
COPB1,0.204434762,0.1006440987,0.0,0.24975326657295227,0.175230269,0.0,0.1701499543,0.1286017644
ARHGAP24,0.0604209879,0.0734418872,0.0,0.007655836641788483,0.4136629942,0.0,0.3421576779,0.1281913405
DOCK5,0.0715877095,0.0552611661,0.0,0.18699239194393158,0.2633483714,0.0,0.3176381979,0.1278325481
IQSEC1,0.1030186594,0.0,0.0,0.0,0.4196431482,0.0,0.3694783611,0.1274485955
HSPBP1,0.225362845,0.1368229742,0.0,0.0003070994862355292,0.2290685366,0.0,0.3001273114,0.1273841095
DAD1,0.0538111845,0.0739340141,0.0,0.05998850613832474,0.3645087777,0.0,0.3233669285,0.1250870587
UBE2E1,0.0835814575,0.0697787795,0.0,0.13066016137599945,0.2912334082,0.0,0.2975229775,0.1246823977
UBE2E2,0.1782204891,0.0640884019,0.0,0.016603322699666023,0.3176538926,0.0,0.2938116989,0.1243396865
RAB9A,0.1311859581,0.1221441897,0.2730965713,0.08411300182342529,0.1193480685,0.0,0.1399888172,0.1242680867
DNAJC5B,0.0569245284,0.1590107329,0.0546902583,2.9161999464122346e-06,0.2956180576,0.0,0.3007940837,0.1238629396
AMFR,0.1361618865,0.0145307961,0.0,0.005956676322966814,0.3389723329,0.0,0.371342752,0.1238520634
RAB3B,0.0181596987,0.3168318038,0.0,0.0008940626867115498,0.2538573982,0.0,0.2763627257,0.1237293842
ARF1,0.079645488,0.0350299453,0.1971083372,0.0,0.3001808654,0.0,0.2522327213,0.1234567653
PSD4,0.1887840364,0.0668595257,0.0,0.002174563240259886,0.3308263684,0.0,0.2700746461,0.1226741628
PLAA,0.1175708113,0.1158495784,0.0,3.0463799703284167e-05,0.3007554209,0.0,0.3205635284,0.1221099718
SRP14,0.1340303907,0.0777753584,0.0,0.0004120072990190238,0.307695631,0.0,0.329749566,0.1213804219
EXOC2,0.0558207075,0.0190994896,0.0,0.0005990286008454859,0.4108277977,0.0,0.3608603284,0.1210296217
GALNT8,0.1830473881,0.0254946183,0.0,2.4146900614141487e-05,0.3027051807,0.0,0.3353847599,0.1209508706
RAB27A,0.0546664924,0.0,0.2871151248,0.046023331582546234,0.1988226345,0.0,0.2594040966,0.1208616686
PIGM,0.0269534756,0.048150228,0.0,7.652000135749404e-07,0.3875975729,0.0,0.3814965242,0.1205997951
RAB5C,0.1090230432,0.0263270025,0.0,1.2739999988298223e-07,0.3587816423,0.0,0.3476534848,0.1202550429
TMED10,0.0475257686,0.0271384141,0.0,0.11006347835063934,0.3407378423,0.0,0.3130981761,0.1197948114
TUSC3,0.1425393109,0.0642557084,0.0,0.0016084001399576664,0.3100900864,0.0,0.3194897069,0.1197118875
MAP3K5,0.1018104215,0.0,0.0,0.0,0.3891524718,0.0,0.3422723879,0.1190336116
PIGQ,0.0470473337,0.0251389551,0.0,0.003931185230612755,0.4004177991,0.0,0.3556248571,0.1188800186
TBC1D23,0.1451256128,0.0154194053,0.0,0.0,0.3670541719,0.0,0.2959588412,0.1176511473
TMED8,0.0614125709,0.0,0.0185211912,0.01113902311772108,0.37541416,0.0,0.3537065168,0.1171704946
RAB18,0.0256488275,0.1076343761,0.1648679951,0.0,0.2587689755,0.0,0.2615843634,0.1169292197
SEC61A1,0.029343929,0.0756875273,0.0,5.857989890500903e-05,0.3704034379,0.0,0.3389909133,0.1163549125
B4GALT3,0.0322747746,0.0,0.0,0.0,0.4030194633,0.0,0.3734487084,0.1155347066
VAMP8,0.1258748128,0.0341674129,0.0,0.0,0.3076399288,0.0,0.3395858991,0.1153240077
PIGK,0.0280151899,0.0089443652,0.0,0.0003245635889470577,0.3858202319,0.0,0.3830745138,0.1151684092
GIT1,0.0164885319,0.0,0.0,0.028977690264582634,0.3998028714,0.0,0.3594672718,0.1149623379
HSPA5,0.2345085234,0.0857143139,0.0,0.002988317981362343,0.2657469651,0.0,0.2121809563,0.1144484395
GBF1,0.0,0.0,0.0,1.4979699699324556e-05,0.428965271,0.0,0.3709825945,0.1142804065
SEC61G,0.2631514025,0.0781049348,0.0,0.13505223393440247,0.1789549462,0.0,0.1442120374,0.1142107935
SPCS1,0.1045007555,0.0722331714,0.2109013055,1.4070999441173626e-06,0.1825525267,0.0,0.2284011499,0.1140843309
VTI1B,0.0644270963,0.0326225072,0.1993433267,0.0020573539659380913,0.2732566011,0.0,0.2244448171,0.1137359575
IQSEC3,0.1278091458,0.1123945837,0.0,3.307699898869032e-06,0.2873660342,0.0,0.2679550403,0.1136468731
HERPUD1,0.596792895,0.1361300692,0.0,6.0617800045292825e-05,0.0402507039,0.0,0.0217723762,0.1135723803
VAMP1,0.168200758,0.0873506757,0.0,0.006131431553512812,0.2890343566,0.0,0.2427669742,0.1133548852
NGLY1,0.0076946482,0.0235915196,0.0,3.944200216210447e-06,0.41114946,0.0,0.3440090136,0.1123497979
RPN1,0.0606750374,0.1188170993,0.0,0.0002942071878351271,0.3408925849,0.0,0.2655501368,0.1123184379
HSPA1L,0.1999624836,0.2205818949,0.0,0.020333636552095413,0.1569502744,0.0,0.1869792088,0.1121153569
RABEP1,0.0463052939,0.0135928205,0.0,0.00030329570290632546,0.3581222852,0.0,0.3657483243,0.1120102885
OCRL,0.1618512711,0.0042354773,0.0,0.006499961484223604,0.3557533484,0.0,0.2535122896,0.1116931926
UBE2D1,0.0170331427,0.1371082392,0.4176831129,3.7237899960018694e-05,0.1408788216,0.0,0.0662147116,0.1112793237
VAMP4,0.0619104549,0.0043380103,0.0,0.008735611103475094,0.372268404,0.0,0.3287392655,0.1108559637
UBE2D3,0.0628673081,0.0,0.0,0.06907161325216293,0.3290175455,0.0,0.3123196893,0.1104680223
STX18,0.08770753,0.3232183465,0.1376929224,0.030594928190112114,0.1150854252,0.0,0.0785362579,0.1104050586
EDEM3,0.0721373273,0.0054454135,0.0,3.707999951529928e-07,0.36281894,0.0,0.3320403232,0.1103489107
GIT2,0.138650043,0.0,0.0,0.0,0.3343207341,0.0,0.298023376,0.1101420219
RASEF,0.1615652806,0.0228793552,0.0,0.0044477349147200584,0.3065968706,0.0,0.2723756786,0.1096949886
TBC1D10C,0.120983696,0.0036526107,0.0,0.0,0.313507367,0.0,0.3296976937,0.1096916239
PSD3,0.0895863023,0.121991512,0.0,0.11622051894664764,0.2087034186,0.0,0.2168271043,0.107618408
EIF2AK3,0.0896896444,0.0,0.0,9.9556000350276e-06,0.3234965627,0.0,0.339985454,0.1075973738
RALBP1,0.0353816415,0.1226139048,0.1249626905,0.018769079819321632,0.2169879306,0.0,0.2341300377,0.1075493264
RAB1B,0.041565946,0.0920480183,0.0,0.0,0.3461699378,0.0,0.2712897783,0.1072962401
GGA1,0.0701296958,0.0885757831,0.0,0.0034295807126909494,0.3070932747,0.0,0.281403787,0.1072331602
RNF185,0.027236612,0.0112983791,0.2047716003,3.865169855998829e-05,0.2438826748,0.0,0.2630890152,0.1071881333
NAPB,0.0285114198,0.0769448812,0.0,0.42790213227272034,0.1252858632,0.0,0.0910291889,0.1070962122
HSPA4L,0.0606283255,0.0,0.0,0.031776878982782364,0.3300046695,0.0,0.3269445024,0.1070506252
SEC16A,0.0636871792,0.0,0.0848019898,0.038327839225530624,0.3023221401,0.0,0.2597539569,0.1069847293
SSR1,0.1499392726,0.0442346451,0.0,4.1819998841674533e-07,0.2687023151,0.0,0.2788702693,0.1059638458
SSR4,0.2795671219,0.0,0.0,0.008632980287075043,0.1794413233,0.0,0.2658561176,0.1047853633
MAN1B1,0.0825790232,0.0203838776,0.0,0.0,0.2940139273,0.0,0.3364452186,0.1047745781
UBXN6,0.3527582965,0.1310651107,0.169492099,0.0,0.0390341665,0.0,0.0398234073,0.1045961543
EXOC3,0.0655783208,0.0351692417,0.0,0.02176648937165737,0.351035712,0.0,0.2585007504,0.1045786449
FBXO6,0.0833767135,0.2244505715,0.0716897091,0.05440608784556389,0.1409097221,0.0,0.1536377936,0.1040672282
RAB11FIP4,0.1062643214,0.2902755268,0.1985260541,0.04662933573126793,0.0299830294,0.0,0.0539976462,0.1036679877
GXYLT1,0.1860768749,0.2576984306,0.0418426801,0.0,0.0713468314,0.0,0.1684886913,0.1036362155
UBE2G2,0.0454103018,0.0779072124,0.0,0.0029390971176326275,0.3102609224,0.0,0.2881398643,0.1035224854
ALG9,0.0085496092,0.0633999661,0.0,0.013605017215013504,0.3122814662,0.0,0.3233601071,0.1030280237
CAPN1,0.1623552878,0.029001053,0.0029367263,0.00393286906182766,0.2126827543,0.0,0.3073737828,0.1026117819
BAX,0.0633911078,0.0691788686,0.0,0.000137696202727966,0.2841248984,0.0,0.3011989338,0.1025759293
VAMP3,0.0678274082,0.004743759,0.0,0.0004018633917439729,0.3422077334,0.0,0.302623691,0.1025434936
UBE2J1,0.1101439862,0.031102647,0.0,0.5498580932617188,0.0180299682,0.0,0.008232975,0.1024810957
AP3S1,0.1364104952,0.0368894383,0.0,3.226899934816174e-06,0.2689865242,0.0,0.270073365,0.1017661499
SRP68,0.1101088341,0.0641979339,0.0,5.036560105509125e-05,0.2817445992,0.0,0.2539907139,0.1014417781
HSPA8,0.2582367367,0.0830947344,0.0952513967,0.00039443979039788246,0.1304023253,0.0,0.138488591,0.1008383177
FUT8,0.05585219,0.0,0.0,0.025378456339240074,0.3113191091,0.0,0.3071234385,0.0999533134
ARFGEF1,0.0498095968,0.148413975,0.0,0.00459965830668807,0.2173888319,0.0,0.2771280542,0.0996200166
RAB21,0.065069055,0.0329566989,0.0,9.062649769475684e-05,0.33215366,0.0,0.2653901918,0.0993800332
STX16,0.1310279645,0.0047087382,0.0,0.001256489777006209,0.3281126219,0.0,0.2302741697,0.0993399977
MGAT3,0.1445550262,0.0046433712,0.0,0.15914559364318848,0.1953880508,0.0,0.1910759899,0.0992582902
ERO1B,0.1173038299,0.0354019058,0.0,0.0002458934031892568,0.2795548571,0.0,0.2600666232,0.0989390156
SYVN1,0.1499736789,0.0035328413,0.0,7.168000024648791e-07,0.3124583453,0.0,0.2256244949,0.0987985825
DNAJA1,0.098708493,0.066564113,0.0,0.4008897840976715,0.1030523404,0.0,0.0216638037,0.0986969335
ERP44,0.0618662847,0.1090173939,0.0668657387,0.009808915667235851,0.2434558331,0.0,0.1944880359,0.097928886
ERO1A,0.1112073756,0.0,0.0,3.0870000955474097e-07,0.3336493613,0.0,0.2405891319,0.0979208825
RAB6C,0.2133239152,0.0711339564,0.1756769297,6.588199903490022e-05,0.1078855896,0.0,0.1145808773,0.0975238786
SRP54,0.1325193228,0.0042584349,0.0,1.6280000636470504e-07,0.2811111794,0.0,0.2602933075,0.0968832011
AP3B2,0.0447542893,0.0212307599,0.1710537484,0.008768300525844097,0.2215339046,0.0,0.2098639965,0.0967435713
FBXO2,0.0,0.0191844179,0.0965631299,0.002446675207465887,0.2875368352,0.0,0.2618945714,0.0953750899
SEC31A,0.126013412,0.0590039019,0.0,0.01861037127673626,0.220177573,0.0,0.2435361889,0.0953344924
PIGP,0.1271199296,0.112300624,0.0,0.04155676066875458,0.1961845244,0.0,0.1890332107,0.0951707213
BCAP31,0.1698004701,0.0317495958,0.0,0.3744623363018036,0.0169131266,0.0,0.0719740902,0.0949856599
UBE4B,0.0603006987,0.0840656434,0.0929028522,1.8629999942731956e-07,0.2169217196,0.0,0.1977844097,0.0931393586
RER1,0.0903306831,0.0,0.0,0.0,0.2890313491,0.0,0.2717212445,0.0930118967
EXOC7,0.0713605052,0.0,0.0097591864,0.11378849297761917,0.2162401243,0.0,0.2395939344,0.0929631776
FBXO8,0.0447709444,0.0942837271,0.0,1.938600007633795e-06,0.268128039,0.0,0.2425201689,0.092814974
VCP,0.0398761248,0.0823987398,0.0,0.02856990322470665,0.2427390624,0.0,0.2545720748,0.0925937007
NCKIPSD,0.0080152586,0.0512635,0.0,4.022700068162521e-06,0.2966411775,0.0,0.2910814782,0.0924293481
GALNT10,0.0473638659,0.0963271449,0.2727127088,0.14515289664268494,0.0485179623,0.0,0.0330263458,0.0918715606
SEC11A,0.0822899882,0.0317073929,0.0,9.612799658498261e-06,0.2879181902,0.0,0.2397850904,0.0916728964
COPZ1,0.0169881844,0.0,0.0,0.004824528470635414,0.3214700359,0.0,0.2976629853,0.0915636763
TMX3,0.0,0.0295254351,0.0,0.0,0.3139082663,0.0,0.2905452213,0.0905684175
SEC61B,0.2689606205,0.0157117938,0.0,0.01796422339975834,0.1883834384,0.0,0.142775356,0.0905422046
PIGX,0.0,0.0,0.0,0.0027906333561986685,0.333636991,0.0,0.2971315477,0.0905084532
SEC11C,0.2358668449,0.1355658645,0.0,0.009806385263800621,0.1308458771,0.0,0.1183490061,0.0900619968
ARHGEF1,0.074538803,0.0156386854,0.0,0.005187828093767166,0.2923889736,0.0,0.2406010552,0.0897650493
PDIA6,0.0716725893,0.0482654177,0.0,9.2787500761915e-05,0.2685791379,0.0,0.2322224506,0.0886903404
YOD1,0.1163380548,0.088920844,0.0,0.0,0.2415422439,0.0,0.1714410574,0.0883203143
NPLOC4,0.1049903401,0.0633006385,0.0,2.2769999930005724e-07,0.2131737771,0.0,0.2357233583,0.0881697631
ROCK1,0.1080904994,0.0,0.0170228282,0.0008828635909594595,0.2551650948,0.0,0.2344679015,0.0879470268
RAB15,0.0940725565,0.0600623262,0.0,0.0,0.2371885823,0.0,0.2239438724,0.0878953339
DNAJC10,0.1301436579,0.2153628189,0.0,0.0004223790019750595,0.1443202141,0.0,0.1177401517,0.0868556031
SEC23A,0.0355440285,0.1264645932,0.2343333153,0.026429109275341034,0.1118965098,0.0,0.0718830753,0.0866500902
CYTH1,0.0264503533,0.0566972204,0.0,0.0,0.2639547774,0.0,0.256889532,0.0862845547
RAB11A,0.0325992017,0.0638981337,0.2706256106,0.0005539744161069393,0.1204694417,0.0,0.1066287302,0.0849678703
PSD2,0.0652952111,0.0,0.0,0.00032442700467072427,0.2640584982,0.0,0.2639703924,0.0848069327
ALG3,0.1391432073,0.0143199771,0.0,0.0054333885200321674,0.1783304713,0.0,0.25571805,0.084706442
SKP1,0.0903568005,0.0,0.0,0.0,0.2558482662,0.0,0.2466980818,0.0847004498
USE1,0.2045986473,0.0227280339,0.0,0.07869406789541245,0.1761220433,0.0,0.1073605679,0.0842147658
TBC1D4,0.2739387215,0.0,0.2458117142,2.108899934682995e-06,0.0638304915,0.0,0.0053401395,0.0841318822
STX12,0.0524544359,0.0145803403,0.0,4.076609911862761e-05,0.2776486511,0.0,0.2439365288,0.0840943889
STX3,0.0595456915,0.0,0.0,0.02838308736681938,0.2697546004,0.0,0.2300174488,0.0839572612
AGAP1,0.0213740229,0.0824644472,0.0,0.0020920701790601015,0.2470202828,0.0,0.2307468191,0.0833853775
B3GNTL1,0.085977863,0.0049666959,0.1728135465,3.94300002426462e-07,0.1850076812,0.0,0.1341920121,0.0832797419
SELENOS,0.0751567106,0.0114363692,0.3671484236,0.044436972588300705,0.031832334,0.0,0.050800732,0.0829730774
DERL3,0.2629099657,0.0490486485,0.0672912283,0.007394488900899887,0.1113638304,0.0,0.079427799,0.0824908515
TXNDC12,0.1487479322,0.0187393567,0.0,0.0,0.1945269934,0.0,0.2110778074,0.0818702985
RBSN,0.0437133207,0.016522754,0.0,0.0,0.2654706412,0.0,0.2470615119,0.0818240325
EXOC6,0.0906852353,0.0246485071,0.0,0.00028036138974130154,0.2138512887,0.0,0.2429912853,0.0817795254
NAPG,0.1987968529,0.0116312723,0.0371106898,0.03423917666077614,0.163745846,0.0,0.1236254787,0.0813070452
TBC1D16,0.1214478163,0.1209649133,0.1010146947,0.00025128090055659413,0.1212966098,0.0,0.1041419053,0.08130246
STX19,0.1243096118,0.1261718612,0.0,4.088799869350623e-06,0.1769853744,0.0,0.1400835071,0.0810792062
ALG1,0.0362551148,0.0,0.0,0.015655439347028732,0.252240517,0.0,0.2625442672,0.0809564769
GALNT6,0.0267114218,0.1306805661,0.0,0.004304316360503435,0.2264526655,0.0,0.1757712959,0.080560038
STX6,0.0919743956,0.0,0.0,2.3007000891084317e-06,0.2461154229,0.0,0.2241473297,0.0803199213
VAMP5,0.1236152147,0.0265353382,0.0,7.252929935930297e-05,0.2047027473,0.0,0.2041369837,0.0798661162
GOSR1,0.2336667987,0.1013195003,0.0,0.0014274765271693468,0.0896093952,0.0,0.1327468833,0.0798242934
AP3M2,0.2085578213,0.0366410011,0.0,0.0006856315885670483,0.1536096901,0.0,0.1551568525,0.0792358567
ASAP1,0.0733224405,0.2208047759,0.0,0.0020986294839531183,0.128850391,0.0,0.1288286058,0.0791292632
GGA3,0.1252256639,0.0717168214,0.0,0.0,0.1886518124,0.0,0.1635726848,0.0784524261
TBC1D9,0.0845606222,0.0094099122,0.0,0.10171184688806534,0.1402517709,0.0,0.2108700218,0.078114882
INPP5E,0.0614694343,0.0512203274,0.0,0.0006429870263673365,0.2680116403,0.0,0.1640832928,0.0779182403
CALR,0.3877484908,0.136415405,0.0,0.007507549598813057,0.0028565986,0.0,0.0103881809,0.077845175
UBE2G1,0.0959642771,0.0265782405,0.0,3.4486999993532663e-06,0.1985457433,0.0,0.2235725886,0.0778091855
RAB3C,0.030414263,0.0166094435,0.2011441231,0.01124012190848589,0.1369596589,0.0,0.1470650841,0.0776332421
COG4,0.1216282908,0.334020821,0.0,0.031045284122228622,0.0295709187,0.0,0.0259826062,0.0774639887
RAB25,0.0377289672,0.216549615,0.1276069782,0.0009190186974592507,0.0920153099,0.0,0.0670527645,0.0774103791
TBC1D22A,0.1496164741,0.0997816947,0.0,0.04025920480489731,0.1235811925,0.0,0.1284267873,0.0773807648
AP3B1,0.0064122069,0.1970027031,0.0,0.0,0.1730846163,0.0,0.1646372947,0.0773052601
STX1A,0.0354759644,0.0,0.0,0.0,0.2578244901,0.0,0.244257142,0.0767939424
SEC24B,0.2209877774,0.0851059373,0.0,0.01733892224729061,0.1124026129,0.0,0.0972248361,0.0761514408
TMX2,0.2735019078,0.0162762995,0.0,0.000313450611429289,0.1401516776,0.0,0.1023184548,0.0760802558
STX7,0.1163302973,0.0539540373,0.0008615006,4.176999937044457e-06,0.1852868572,0.0,0.1749600542,0.0759138462
HYOU1,0.0943365462,0.0,0.0069153402,7.72971980040893e-05,0.2044264621,0.0,0.224280132,0.0757193968
EVI5,0.0090839597,0.0208815171,0.0,0.0002941449929494411,0.2864415703,0.0,0.2126896113,0.0756272576
ALG12,0.1373564984,0.0273723202,0.0838559616,0.0028517423197627068,0.1808106534,0.0,0.0970024686,0.0756070921
GLT8D2,0.0161641048,0.2753188756,0.0,0.0001634915970498696,0.1296562431,0.0,0.1067804604,0.0754404536
RAB11FIP3,0.2264815011,0.078681513,0.0797216008,0.010559327900409698,0.050180346,0.0,0.0817097191,0.0753334297
YWHAQ,0.117781964,0.0394823621,0.0,0.0,0.2208317282,0.0,0.1475325947,0.075089807
UBQLNL,0.0982931785,0.0329629429,0.0,0.12372856587171555,0.1506502258,0.0,0.1174321783,0.0747238702
UBA7,0.0084160215,0.0,0.0,0.01879219524562359,0.2576051866,0.0,0.2382499209,0.074723332
TBC1D12,0.0896794766,0.0,0.0,0.10258381068706512,0.1776596475,0.0,0.1527209853,0.0746634172
RAB31,0.0822789868,0.0,0.0,1.3749999538958946e-07,0.2321388127,0.0,0.2071641809,0.0745117311
DNAJA2,0.1069127353,0.0618195962,0.0,0.00029362659552134573,0.2000702504,0.0,0.1524784847,0.0745106705
HAS2,0.0312635498,0.0425443788,0.0,0.0001746535999700427,0.2358868759,0.0,0.2114420235,0.0744730688
EIF2AK1,0.0364173977,0.0936345122,0.1346110154,0.002403843216598034,0.1126990493,0.0,0.1411421106,0.0744154183
ANKFY1,0.0443358304,0.0283861877,0.0,0.009743626229465008,0.254202206,0.0,0.1842020308,0.074409983
MYO5B,0.0144274655,0.0191782789,0.0,0.11304622143507004,0.1976537549,0.0,0.1754507867,0.0742509296
ALG13,0.0193224984,0.0762925604,0.0,0.009377592243254185,0.2169441866,0.0,0.1956590382,0.073942268
RRBP1,0.0492365885,0.0364194186,0.0,5.170199983695056e-06,0.2165383921,0.0,0.2137853126,0.073712126
STUB1,0.1939884156,0.1074729128,0.0,3.442029992584139e-05,0.0897465725,0.0,0.1176571837,0.0726999293
RAB35,0.0525821782,0.034396782,0.0,0.00349037884734571,0.2303735675,0.0,0.1879017855,0.0726778131
SRPRB,0.0346259171,0.0143899498,0.0,0.2762565612792969,0.1247875064,0.0,0.0586026503,0.0726660836
RUFY1,0.1183616873,0.1570233137,0.0,2.0166999092907645e-05,0.1180180164,0.0,0.1129447259,0.0723382729
ALG2,0.1288414943,0.0,0.0,5.250409958534874e-05,0.1742499218,0.0,0.2006981379,0.0719774369
SEC24C,0.1116780552,0.0,0.0,0.0893971398472786,0.1561160073,0.0,0.1453964884,0.0717982415
NET1,0.0736829753,0.0091384318,0.0,0.002705641556531191,0.2168776372,0.0,0.1967759984,0.0713115263
HSPA2,0.0918217166,0.0302476102,0.0,0.0,0.2021563679,0.0,0.1700770426,0.0706146768
STX17,0.0,0.0,0.0,0.00029209948843345046,0.2407107272,0.0,0.2523526769,0.0704793577
RFT1,0.0890080893,0.2032007855,0.0,0.029378080740571022,0.0603505317,0.0,0.1106719082,0.0703727708
RAB38,0.0803705377,0.0069985464,0.0,0.10660453140735626,0.1562588152,0.0,0.1394686579,0.0699572984
RAB6B,0.1532464034,0.0047727495,0.0,0.04650105908513069,0.1157617166,0.0,0.1679622689,0.0697491711
ARHGAP1,0.0305248479,0.0731196558,0.020506172,1.7729500541463494e-05,0.2190103576,0.0,0.1449241107,0.0697289819
TBC1D14,0.1941432567,0.032118941,0.0,0.049658697098493576,0.1099336492,0.0,0.0963746874,0.0688898902
HSP90AA1,0.113822263,0.0754343055,0.0266280146,0.02348734624683857,0.090326584,0.0,0.1519665761,0.0688092985
GXYLT2,0.094185454,0.1503728473,0.0,0.0007338362047448754,0.1098526784,0.0,0.125530157,0.0686678533
RAB11FIP2,0.0702828165,0.0185600244,0.0,0.01477491669356823,0.2050444505,0.0,0.1706279362,0.0684700206
TRAPPC1,0.0293649928,0.0034522825,0.0,0.002558767097070813,0.2200850681,0.0,0.2228321599,0.0683276101
ARF3,0.0549348561,0.0191124888,0.0,0.003929228987544775,0.2091051287,0.0,0.19109664,0.0683111918
ABO,0.1790409076,0.0596278968,0.0,0.009200798347592354,0.1120517241,0.0,0.1170536656,0.0681392846
DNAJC6,0.1730168406,0.2177843718,0.0,0.019891679286956787,0.0649457645,0.0,0.0009717701,0.0680872038
ALG14,0.1614104417,0.2364893533,0.0,3.886899776261998e-06,0.075549518,0.0,0.0015812667,0.0678620667
SRPRA,0.1107736091,0.0337990743,0.0,2.8479999514274823e-07,0.1450812784,0.0,0.1850684875,0.0678175334
RAB37,0.2863481144,0.0157564627,0.0,0.10653552412986755,0.0282746263,0.0,0.0349919957,0.0674152462
GOLGA4,0.0182164968,0.0295880554,0.0,5.808869900647551e-05,0.2273526024,0.0,0.194159861,0.0670535863
SEC61A2,0.0745528481,0.0784448712,0.0745663039,0.05386394262313843,0.0678489458,0.0,0.1173302511,0.0666581661
SEL1L,0.0585162454,0.0,0.0,0.0001312392996624112,0.2175368207,0.0,0.1885126585,0.0663852806
BET1,0.1069695864,0.0704939611,0.0662800746,0.15772727131843567,0.006484633,0.0,0.0564528376,0.066344052
RAB8B,0.008244266,0.1065312354,0.0,3.0480001100841037e-07,0.1768209374,0.0,0.1711317295,0.0661040676
MICALL2,0.045984907,0.0049305739,0.0029591527,0.14168764650821686,0.1347695379,0.0,0.1320054819,0.0660481857
TBC1D15,0.1578022218,0.0497656778,0.0,0.07960187643766403,0.0831140521,0.0,0.0914768997,0.0659658183
PIGV,0.1961830303,0.0439204391,0.0,9.931359818438068e-05,0.1016096946,0.0,0.1189539017,0.0658237685
STX1B,0.1477593032,0.0210546849,0.0845213112,0.02709340490400791,0.1096766132,0.0,0.0700625106,0.0657382611
RABGEF1,0.0677251183,0.0203766268,0.0,0.019349895417690277,0.2099280084,0.0,0.1417975176,0.0655967381
ALG1L,0.0444106439,0.0734811428,0.0,0.0001228281034855172,0.1540198214,0.0,0.1866721218,0.0655295083
KDELR1,0.0344310363,0.028914149,0.2130833957,0.004045491572469473,0.0835340275,0.0,0.0908060207,0.0649734458
TBC1D5,0.0193434907,0.0041834194,0.0,0.0,0.2396075951,0.0,0.1914293813,0.0649376981
USP6,0.0976073006,0.0246940338,0.0,0.004980755969882011,0.1560689859,0.0,0.1675899504,0.0644201467
RAB20,0.0138725629,0.0356334049,0.0,0.00416337326169014,0.2124825436,0.0,0.1765255795,0.0632396377
RAB3IP,0.2360876503,0.0032130185,0.0,2.1640998966176994e-06,0.1117733567,0.0,0.0903615093,0.0630625284
ARAP3,0.0931470905,0.0325286331,0.0,0.0,0.1614365684,0.0,0.1542295458,0.063048834
AP1S1,0.0210686797,0.0130574836,0.0,1.7027000467351172e-06,0.2375142648,0.0,0.168034861,0.0628109988
DPM1,0.0783275731,0.0,0.0,0.003265604842454195,0.2015802846,0.0,0.1543904473,0.06250913
UBA1,0.0422295813,0.0094500333,0.2540094111,5.008000130146684e-07,0.0734643323,0.0,0.0562210784,0.0621964196
VPS45,0.0302862271,0.0566058289,0.0,0.0,0.1725249762,0.0,0.1725332156,0.0617071783
TRAPPC6B,0.07168764,0.0386409453,0.0,3.21986990456935e-05,0.15428675,0.0,0.1669704889,0.0616597176
NAPA,0.0736824784,0.0724971001,0.0,0.00020360360213089734,0.122943748,0.0,0.1585102801,0.0611196015
PDIA3,0.034519047,0.0602334307,0.0,0.025627711787819862,0.1406774037,0.0,0.1658125251,0.0609814455
DNAJB12,0.1588267922,0.0407882785,0.0,0.0003771382034756243,0.1039776153,0.0,0.1217485376,0.0608169088
GANAB,0.1671995132,0.0181069629,0.0,0.0,0.1124970155,0.0,0.1275688731,0.0607674807
SEC23B,0.0996487482,0.005101133,0.0,0.0,0.1845229381,0.0,0.1353924984,0.060666474
MGAT1,0.1802922082,0.0,0.0,0.001512019895017147,0.1060250037,0.0,0.1350742342,0.0604147809
OPTN,0.057936175,0.1903529931,0.0,0.024978308007121086,0.0490510492,0.0,0.1002474526,0.0603665683
MAN1A2,0.0360072631,0.0,0.0,1.8514000430513988e-06,0.1535637379,0.0,0.2310352428,0.0600868707
SEC16B,0.0142055044,0.0363675395,0.0,4.52130007033702e-06,0.208255841,0.0,0.1613311452,0.0600235073
TRAM1,0.1509769933,0.0291395005,0.0,0.00031160280923359096,0.1113562382,0.0,0.1259309044,0.0596736056
RAB4A,0.0440839222,0.007191127,0.0,0.0028636108618229628,0.1995920482,0.0,0.1638503781,0.0596544409
SGSM3,0.0732508396,0.105093984,0.0,0.00039734659367240965,0.1197256846,0.0,0.1182796122,0.0595353524
UGGT2,0.0836360959,0.0281494528,0.0,0.026898888871073723,0.1611700265,0.0,0.1155366351,0.0593415856
HAS3,0.0601420915,0.0638996268,0.0,0.005906113423407078,0.1334598847,0.0,0.1515215173,0.0592756048
RAB32,0.0201579349,0.02806331,0.0612888498,0.005389310419559479,0.1542323576,0.0,0.1451714758,0.0591861769
PAK1,0.0500102887,0.0854890393,0.0,1.674919985816814e-05,0.1730123497,0.0,0.1056320028,0.0591657757
DNAJC3,0.0277862298,0.0770324599,0.0,0.0034155056346207857,0.1527429449,0.0,0.1530700737,0.059149602
GALNT2,0.0180343318,0.0993047875,0.0,0.0,0.1504799761,0.0,0.1457180118,0.0590767296
COG6,0.0375979241,0.0409277928,0.0,0.001887076417915523,0.1819626695,0.0,0.1485812725,0.058708105
PIGC,0.1713330347,0.0,0.0,1.0991000181093113e-06,0.1158757434,0.0,0.1231263576,0.0586194621
HSPA6,0.1802366402,0.004809497,0.0,0.049281563609838486,0.0922657079,0.0,0.0822829824,0.058410913
EXOC6B,0.0386068289,0.0286821609,0.0,0.08631902188062668,0.1435517694,0.0,0.1115333064,0.0583847268
EVI5L,0.1824259663,0.0,0.1957289162,0.001682940637692809,0.002333898,0.0,0.026435678,0.0583724856
TRAPPC6A,0.1747733217,0.077852923,0.0,0.0021736647468060255,0.0514436879,0.0,0.1002694185,0.058073288
PDIA5,0.069387477,0.0060293575,0.0,1.4107999959378503e-05,0.1310824768,0.0,0.1883790128,0.0564132046
LARGE2,0.1871196951,0.0190084436,0.0,0.013959619216620922,0.0771842385,0.0,0.0965577383,0.0562613907
ARFIP2,0.1028810713,0.0499985405,0.0,0.0,0.1235893531,0.0,0.1169872308,0.056208028
MON1A,0.223117886,0.055319694,0.0,0.0049292598851025105,0.0725415404,0.0,0.0368681917,0.0561109389
RAB30,0.0713453434,0.0380559185,0.0,0.0,0.1436274263,0.0,0.1393588806,0.056055367
ASAP3,0.1365476403,0.0502220047,0.0,2.8597000891750213e-06,0.1180614746,0.0,0.0850171334,0.0556930161
VTI1A,0.1587789052,0.0223569722,0.0,0.00036016080412082374,0.1209136541,0.0,0.087122016,0.0556473869
RAB26,0.0487619186,0.0724888458,0.2331021695,2.2468699171440676e-05,0.0080236867,0.0,0.0261179809,0.0555024386
LMAN1,0.0703124335,0.0048689173,0.0,0.0018509613582864404,0.140150408,0.0,0.1709720206,0.0554506773
RAB10,0.1276424489,0.0,0.1061307346,4.5237298763822764e-05,0.0721265763,0.0,0.0808886995,0.0552619567
CTSA,0.0645409369,0.0441112383,0.0,0.009922957979142666,0.1483906814,0.0,0.1189407436,0.0551295083
APPL2,0.1369209607,0.0331579507,0.0,0.06465205550193787,0.0775565049,0.0,0.0710088163,0.0547566126
AP1S2,0.0778305897,0.0,0.0,1.9327999325469136e-06,0.145771582,0.0,0.159671843,0.0547537068
HSP90AB1,0.0771247324,0.0081190117,0.0,0.0,0.1195591043,0.0,0.175195245,0.0542854419
UBQLN2,0.0607197856,0.0844927854,0.0,1.8476999912309111e-06,0.1243649654,0.0,0.1081091721,0.053955508
AGAP2,0.0150686861,0.015498441,0.1121003591,0.0,0.1213011718,0.0,0.1119159546,0.0536978018
AGR3,0.020954176,0.0270943372,0.0,0.00027433689683675766,0.1584135482,0.0,0.1611293261,0.0525522463
GALNT7,0.0730481521,0.0428327084,0.144465886,6.265690171858296e-05,0.0675645216,0.0,0.0358841645,0.0519797271
ALG11,0.0686739034,0.0,0.0,2.703000063775107e-07,0.1939024714,0.0,0.1001742094,0.0518215506
ERN1,0.1731806701,0.0,0.0,0.000132673405460082,0.0723378225,0.0,0.1150592691,0.0515300622
COPB2,0.0436224376,0.0,0.0,0.0,0.158825738,0.0,0.157892667,0.0514772632
GALNT1,0.0774044972,0.0074970431,0.1070541539,1.2031999858663767e-06,0.0934644546,0.0,0.0745092631,0.0514186593
PARK2,0.0479942234,0.0884802994,0.100230498,0.03249756246805191,0.0738297862,0.0,0.0167974689,0.0514042626
PIGU,0.2219453728,0.0,0.0,0.040269095450639725,0.0344054863,0.0,0.0619792541,0.0512284584
NSFL1C,0.016759177,0.0,0.0,1.954280014615506e-05,0.1608227092,0.0,0.1805377843,0.0511627448
PIGG,0.0623340007,0.1747932115,0.0,0.0,0.0614115682,0.0,0.0563915322,0.0507043304
PICK1,0.0763940355,0.004276203,0.0,0.09274815768003464,0.1067195992,0.0,0.0747777968,0.050702256
AP1B1,0.0665883021,0.0,0.0,5.76099978388811e-07,0.1656978537,0.0,0.1178579737,0.0500206722
HAS1,0.1136601141,0.1640577948,0.0,0.024302085861563683,0.0089629864,0.0,0.0379663816,0.049849909
PLIN3,0.0165114327,0.0306326859,0.0,0.05046558752655983,0.161706164,0.0,0.0889364952,0.0497503379
DDOST,0.0560800926,0.0110907815,0.0,0.0,0.1505481212,0.0,0.1286820136,0.0494858584
UBE2J2,0.2054894547,0.0054445702,0.0,1.432999994221973e-07,0.0620575703,0.0,0.0705259828,0.0490739602
COPA,0.0648486467,0.0104002271,0.0,0.003768856870010495,0.123307901,0.0,0.1375321692,0.0485511144
SEC63,0.0293129457,0.0050939442,0.0,9.686999646874028e-07,0.1345947501,0.0,0.1708449813,0.0485496557
GALNT14,0.0888948303,0.0634251095,0.0140418381,0.04983355104923248,0.0622817279,0.0,0.059692337,0.0483099134
UFD1L,0.0899001745,0.1549914433,0.0,0.0,0.0203072377,0.0,0.0713196049,0.0480740658
RFWD2,0.1993842103,0.0093561041,0.0,0.011169347912073135,0.0725507778,0.0,0.0424267142,0.047841022
RBX1,0.1460432162,0.0,0.0,0.0038632312789559364,0.1189627729,0.0,0.0641059022,0.0475678747
RAB13,0.0064122069,0.0479853963,0.0,5.3935800679028034e-05,0.1445489287,0.0,0.1317354956,0.0472479948
UBE2D4,0.0907053157,0.0308653368,0.0,0.009973565116524696,0.1292821335,0.0,0.0688018375,0.0470897412
DERL1,0.0561251832,0.0,0.0,4.358500063972315e-06,0.1528954252,0.0,0.1180288119,0.0467219684
TBC1D19,0.0292278201,0.005545339,0.0,0.002687639556825161,0.118385609,0.0,0.1705921344,0.0466340774
GALNT13,0.1480034166,0.0220011822,0.0321944271,0.0,0.0381321428,0.0,0.0850919338,0.0464890146
GALNT15,0.1267158813,0.0504455765,0.0,0.0,0.0828205867,0.0,0.0649763318,0.0464226252
RAB27B,0.0369600575,0.0303785557,0.0,0.0023463780526071787,0.1452892091,0.0,0.1090380907,0.0462874702
SRP9,0.1219572819,0.0159711023,0.0,0.00014423309767153114,0.1299989129,0.0,0.0557720353,0.0462633665
RAB7A,0.0129847189,0.060366474,0.0,0.00036096188705414534,0.1378970119,0.0,0.1110552385,0.046094915
SURF4,0.1308536897,0.004534112,0.0,0.03293289989233017,0.0328453122,0.0,0.1190346243,0.0457429483
ATXN3,0.0090525273,0.0099380339,0.0,0.0015620295889675617,0.134293957,0.0,0.1641531075,0.0455713793
MGAT2,0.1919046807,0.0505259876,0.0,0.0,0.0357858278,0.0,0.0404749866,0.0455273547
NSF,0.0260495904,0.1272286489,0.0,0.033299997448921204,0.0870324172,0.0,0.0445322254,0.0454489828
SRP19,0.0451683396,0.0,0.0,0.03985581547021866,0.105809703,0.0,0.1240921692,0.0449894325
ATF6,0.0,0.0043813888,0.0,0.001397229265421629,0.1840702586,0.0,0.1243169689,0.0448808351
INPP5B,0.0597417819,0.0,0.0,0.0,0.1633845425,0.0,0.0904638357,0.0447985943
DOLK,0.026183178,0.0034552571,0.0,0.00991901382803917,0.1189556567,0.0,0.1546232715,0.0447337682
CLTA,0.0910707532,0.063570425,0.0,0.001764505635946989,0.0842606581,0.0,0.0719675323,0.044661982
TBC1D2,0.132102247,0.0604738189,0.0,0.0005344764213077724,0.050123222,0.0,0.0683141449,0.0445068442
RAB3A,0.0492501207,0.0531365803,0.0164635921,0.03354303538799286,0.0860429383,0.0,0.0723124379,0.0443926721
SNAP29,0.1710442365,0.0624026548,0.0438257643,0.0004192219930700958,0.0086536363,0.0,0.0215291398,0.0439820934
TBC1D24,0.0108205991,0.0911921763,0.0,0.004247636068612337,0.0809639967,0.0,0.1188369748,0.0437230547
TBC1D30,0.0586941499,0.0182777451,0.0,0.031706731766462326,0.1050056468,0.0,0.0923363219,0.0437172279
AKAP10,0.055239201,0.0046740134,0.0,0.006192835979163647,0.1612190402,0.0,0.0753014186,0.0432323585
BCL2,0.0745635553,0.0,0.0,0.0,0.1741152752,0.0,0.0538361273,0.0432164225
RAB39A,0.1203830669,0.0188908947,0.0,0.12416402995586395,0.0007618679,0.0,0.0380089905,0.0431726929
AGR2,0.0285686717,0.0079991306,0.0,0.00042935420060530305,0.1252162781,0.0,0.1389249094,0.0430197634
GPAA1,0.0616666228,0.010526196,0.0,3.40799999776209e-07,0.0803437049,0.0,0.1485491919,0.0430122938
SEC24A,0.0,0.1174225215,0.0,0.01875743269920349,0.1209011119,0.0,0.0419666245,0.0427210987
PSD,0.0323816447,0.0707734608,0.0,0.08380258083343506,0.0850457576,0.0,0.0230959929,0.0421570624
BET1L,0.1257899458,0.0138317062,0.0881542078,0.01653994992375374,0.0167211887,0.0,0.0340610315,0.0421568614
SNAP25,0.111607761,0.0357811368,0.0,1.990810051211156e-05,0.0757269538,0.0,0.0695153831,0.0418073061
RAB12,0.0714693891,0.0233988414,0.0,0.0004596314101945609,0.0749841088,0.0,0.1219812845,0.0417561793
EEA1,0.0089770896,0.0,0.0,0.0,0.1533933785,0.0,0.1286944041,0.041580696
SSR2,0.1112606339,0.0611347782,0.0,0.06977269053459167,0.0334799149,0.0,0.0152030562,0.0415501534
SPCS3,0.0424643798,0.0,0.0,0.05519481748342514,0.0616990828,0.0,0.1274497357,0.0409725737
ERP29,0.0921210497,0.0473486567,0.0,1.9327799236634746e-05,0.0601522326,0.0,0.0852824565,0.040703389
ALG10B,0.1489352755,0.0208092873,0.0,2.8981199648114853e-05,0.0594406706,0.0,0.0549962047,0.0406014885
CANX,0.101730991,0.0,0.0,0.0,0.0499079418,0.0,0.1321527641,0.040541671
PIGH,0.2210913306,0.0102307616,0.0,3.253159957239404e-05,0.0087492949,0.0,0.0433119338,0.0404879789
PIGA,0.0442201214,0.0048196008,0.0,1.2826099919038825e-05,0.0933622752,0.0,0.1372475294,0.0399517647
TBC1D13,0.0693611332,0.005103792,0.0,0.00011279690079391003,0.0912358434,0.0,0.1119521231,0.0396808127
RAB19,0.0682715064,0.0323392908,0.0,5.787819827673957e-05,0.0889953843,0.0,0.0878364466,0.0396429295
TBC1D1,0.0635641438,0.0172705929,0.0,4.580229870043695e-05,0.0821470672,0.0,0.1139451643,0.0395675386
AGAP3,0.0868976984,0.0,0.0,0.0,0.1399317075,0.0,0.0466778472,0.0390724647
TMX1,0.0847891047,0.13973611,0.0,0.0015993807464838028,0.0178091641,0.0,0.0249775229,0.0384158975
TBC1D10A,0.0248473016,0.0299691033,0.0,9.400900125910994e-06,0.0899214407,0.0,0.122929355,0.0382395145
MOGS,0.0874278348,0.0,0.0,0.0012448580237105489,0.0841000656,0.0,0.0936500917,0.0380604072
TMED7,0.0304788015,0.0784903062,0.0574013292,0.0,0.0551364426,0.0,0.0446714511,0.0380254758
YKT6,0.0445696955,0.0088715392,0.0,0.010465530678629875,0.1129522194,0.0,0.0883691232,0.0378897297
USO1,0.137967356,0.0038545747,0.0,0.0010698294499889016,0.0658656194,0.0,0.0527995005,0.0373652686
ASAP2,0.1098990842,0.0036146458,0.0,0.0,0.0923390375,0.0,0.0546097897,0.0372089367
GMCL1,0.1342171198,0.0680901709,0.0,8.446299943898339e-06,0.0221349778,0.0,0.0351422238,0.0370847055
UGGT1,0.032849721,0.0,0.0,0.004354499746114016,0.1238628182,0.0,0.096079049,0.0367351554
GGA2,0.0851005193,0.0167874289,0.0,0.003627646481618285,0.0613526612,0.0,0.087280841,0.0363070138
RAB24,0.0226230674,0.0499306068,0.0,0.008925422094762325,0.0703662733,0.0,0.1012607415,0.0361580159
ATF4,0.1213976839,0.0787618075,0.0,0.028776908293366432,0.0073889714,0.0,0.0163963894,0.0361031086
MGAT4B,0.0694973052,0.0767081957,0.0079758704,0.0,0.0386624865,0.0,0.0595623501,0.0360580297
SVIP,0.0533136139,0.0226615273,0.0,0.0014140167040750384,0.0736991909,0.0,0.0995395783,0.0358039896
RAB43,0.1417583949,0.0332673638,0.0,0.0,0.0394490458,0.0,0.0337542019,0.0354612866
RAB2A,0.0897121441,0.0,0.0991081632,0.0058389282785356045,0.034188532,0.0,0.0172656012,0.0351590527
GALNT5,0.0632587802,0.0137051544,0.0,0.02425738424062729,0.0734224878,0.0,0.0714639811,0.0351582554
ARAP1,0.0558110475,0.0,0.0,0.03251205384731293,0.060599001,0.0,0.0955509,0.0349247146
DNAJB11,0.0641001952,0.0198291853,0.0,2.5583999558875803e-06,0.0760929739,0.0,0.0816644682,0.0345270544
TBC1D7,0.0881091414,0.0060143904,0.0,9.769189637154341e-05,0.1238187234,0.0,0.019537799,0.033939678
POMT2,0.0356370728,0.0510110037,0.0,0.0015644360100850463,0.0854264749,0.0,0.061187209,0.0335465995
ARHGEF2,0.067990033,0.0252174254,0.0,0.001569158979691565,0.1014755896,0.0,0.0383544339,0.0335152344
B4GALT1,0.126706109,0.0801754557,0.0,0.0,0.0150413286,0.0,0.012340565,0.0334662083
STX11,0.1019791519,0.0,0.0,0.0,0.0515112673,0.0,0.0801719565,0.0333803394
B4GALNT1,0.0264503533,0.0231362026,0.0,0.0020229853689670563,0.0840849654,0.0,0.093779571,0.0327820111
SEC24D,0.0489492776,0.1365600913,0.0,0.0,0.0180747214,0.0,0.0233339391,0.0324168613
HSPH1,0.0089312881,0.0251231288,0.0276389433,0.0021002781577408314,0.0818722516,0.0,0.0747127815,0.0314826674
EDEM1,0.0682101975,0.0406907752,0.0,0.0,0.0515798265,0.0,0.0597856322,0.0314666331
RAB3D,0.1163329604,0.0366322022,0.0,0.0007041735807433724,0.0338082766,0.0,0.0327404333,0.0314597209
CAPN2,0.0253282171,0.0039629444,0.079935011,0.005595273803919554,0.0291981628,0.0,0.0737265624,0.0311065959
SEC31B,0.1576199581,0.0372721734,0.0,8.53573001222685e-05,0.0134190249,0.0,0.0083067118,0.0309576036
RABGAP1L,0.0,0.0428858398,0.0,0.005056512076407671,0.0870612054,0.0,0.0798407984,0.0306920508
STX8,0.1015557966,0.0389962214,0.0,0.00046054579433985054,0.0670367249,0.0,0.0004101171,0.0297799151
TMED2,0.1024326542,0.0532049723,0.0,7.005230145296082e-05,0.0135033545,0.0,0.0388648053,0.0297251198
PIGT,0.1237274441,0.0538906614,0.0,0.0024148484226316214,0.0217003003,0.0,0.0057037351,0.0296338556
TBC1D20,0.0396640796,0.0933803303,0.0,0.020355410873889923,0.0151807703,0.0,0.0388338071,0.0296306283
AP1M1,0.1183960124,0.0240267041,0.0,1.449209958082065e-05,0.0376030057,0.0,0.0240936033,0.0291619739
RAB23,0.0373678402,0.0123949158,0.1032199373,7.750109944026917e-05,0.046416505,0.0,0.0036683083,0.0290207154
GLT1D1,0.0774054314,0.1203335013,0.0,5.43629994353978e-06,0.0041998165,0.0,0.0011889461,0.0290190188
KDELR2,0.0271204396,0.025707301,0.0,0.0,0.0724747424,0.0,0.0714907193,0.0281133146
SYTL2,0.1234110405,0.045285293,0.0109162835,0.0,0.0096929769,0.0,0.0074720148,0.028111087
ARHGEF7,0.1188187218,0.0315390467,0.0,0.0,0.0338101039,0.0,0.0121661284,0.0280477144
WAS,0.0775128799,0.0491029161,0.0,0.0009342231205664575,0.0521600227,0.0,0.01570939,0.0279170617
SNAP23,0.1470727357,0.0100917014,0.0,7.687680044909939e-05,0.0206229387,0.0,0.0152560174,0.02758861
TRAPPC9,0.0844118374,0.078684731,0.0,2.407489955658093e-05,0.0272640887,0.0,3.79547e-05,0.027203241
MARCH6,0.1143245059,0.0129557596,0.0,5.037999812884664e-07,0.0329891175,0.0,0.027391624,0.0268087873
GPLD1,0.1103029195,0.0077275481,0.0,0.0,0.0387810936,0.0,0.0301841524,0.0267136734
RAB14,0.1157560909,0.0308491486,0.0048302204,0.00446704588830471,0.0223632085,0.0,0.0075997953,0.0265522157
SSR3,0.0516297157,0.0302541366,0.0,0.0036817477084696293,0.0579959233,0.0,0.0404633773,0.0262892715
UBE2D2,0.0947594778,0.0229177619,0.0,2.41990005633852e-06,0.0480855985,0.0,0.0154644651,0.0258899605
DNAJC1,0.1144012542,0.0148192425,0.0,1.7319999301435018e-07,0.0027647628,0.0,0.0443574992,0.0251918474
TBC1D8,0.0592886249,0.077941163,0.0,0.0008221907773986459,0.0246277264,0.0,0.0102950092,0.0247106735
ALG1L2,0.06457975,0.0448804775,0.0,0.0,0.0449880279,0.0,0.0178716783,0.0246171334
TBC1D2B,0.0675250838,0.0090884459,0.0,0.05629308149218559,0.0329144743,0.0,0.005525648,0.0244781048
ARHGDIA,0.0418396498,0.0,0.0,0.00010685330198612064,0.0666438846,0.0,0.059249199,0.0239770838
SGSM1,0.014908381,0.0818394897,0.0,9.969099664886016e-06,0.0447907016,0.0,0.0239957611,0.0236491861
RAB2B,0.0716411446,0.064766732,0.0,0.0,0.0126075654,0.0,0.0160990679,0.0235877871
ATF6B,0.0530816179,0.0308632958,0.0,0.00014395150355994701,0.0786253587,0.0,0.0020408301,0.0235364363
SAR1B,0.0416595125,0.048979605,0.0,0.0032693096436560154,0.0633217842,0.0,0.0052037147,0.0232048466
STT3B,0.0978198055,0.0080732671,0.0,0.0,0.0292740643,0.0,0.0268333763,0.0231429305
ALG5,0.0696481165,0.0432105807,0.0,2.000680069613736e-05,0.0416315058,0.0,0.0069789187,0.0230698755
RAB9B,0.0668243559,0.0042677872,0.0,0.00013821710308548063,0.0372421163,0.0,0.0518581686,0.0229043779
OS9,0.0325814599,0.0193121889,0.0,4.2159999225077627e-07,0.097106625,0.0,0.0111072798,0.0228725679
RAB40B,0.0842289174,0.0271208021,0.0,0.0001966341951629147,0.0219243122,0.0,0.0202081504,0.0219541166
IQSEC2,0.0787259297,0.0,0.0,0.00981681328266859,0.0246188029,0.0,0.0383833008,0.0216492638
CYTH2,0.1041093431,0.0,0.0,0.0001353935949737206,0.0292075492,0.0,0.0172725578,0.0215321205
SNAP47,0.0302189822,0.0,0.0,0.019938534125685692,0.0494450161,0.0,0.0496634515,0.021323712
LMAN2,0.0682036006,0.0178579908,0.0,0.0,0.0464084948,0.0,0.0164795326,0.021278517
TBC1D22B,0.0462001259,0.0,0.0,0.014635585248470306,0.0456366378,0.0,0.0408184372,0.0210415409
RAD23B,0.0785850487,0.0513730176,0.0,0.0025788680650293827,0.0107611829,0.0,0.0,0.0204711596
CYTH4,0.0712920818,0.004447274,0.0,0.0,0.0184398234,0.0,0.0447491527,0.0198469046
RAB36,0.1116908478,0.0,0.0,9.464909817324951e-05,0.0135830652,0.0,0.01320232,0.0197958403
RAB11FIP5,0.0467563764,0.0050832274,0.0,0.0,0.027823307,0.0,0.0588199814,0.0197832703
STX2,0.0497828245,0.069259608,0.0,0.003854205133393407,0.0129291319,0.0,0.0022276646,0.0197219192
CUL1,0.043493031,0.0523212794,0.0,3.1213799957185984e-05,0.0096158448,0.0,0.0301803692,0.0193773912
CRYAB,0.0,0.0,0.0,0.10145214945077896,0.0179096522,0.0,0.0102960921,0.0185225563
RAB22A,0.06153957,0.0199912858,0.0,4.284900114726042e-06,0.0251715357,0.0,0.019378393,0.0180121528
RAB6A,0.0772434981,0.0256611345,0.0,0.0,0.0016041904,0.0,0.0206981081,0.0178867044
STX4,0.032184346,0.0233250199,0.0,5.699600023945095e-06,0.0072305557,0.0,0.0623048972,0.0178643598
ARFGAP3,0.0499522365,0.0,0.0,0.00021209160331636667,0.026367697,0.0,0.0484507873,0.0178546875
KDELR3,0.0472171597,0.0,0.0,0.004449008032679558,0.0240951048,0.0,0.044885909,0.0172353116
LARGE1,0.0686820896,0.0148574029,0.0,0.0,0.008957725,0.0,0.0275727995,0.0171528596
BAG2,0.0448137326,0.0143552003,0.0,1.0324500181013718e-05,0.0580115854,0.0,0.0020480243,0.0170341239
UBA5,0.0685911826,0.0,0.0,0.013681084848940372,0.0134130523,0.0,0.0167591185,0.0160634912
TRAPPC2,0.0484159787,0.0,0.0,0.0019614803604781628,0.0216427959,0.0,0.0386049467,0.0158036002
BAG1,0.0285148896,0.0147734989,0.0,0.01602395810186863,0.035408512,0.0,0.0140265852,0.0155353491
GALNT12,0.0416350498,0.0045900264,0.0,0.0038798071909695864,0.0136979218,0.0,0.0386971161,0.0146428459
KIF20A,0.0351202794,0.0034552571,0.0,0.0,0.0217260172,0.0,0.0346143182,0.0135594103
MICAL1,0.0667147099,0.0,0.0,8.519389666616917e-05,0.0078914464,0.0,0.0150931416,0.012826356
ARFGEF2,0.0328560701,0.025182742,0.0,4.983000053471187e-06,0.0023295462,0.0,0.0223834081,0.0118223928
AP3S2,0.0090839597,0.0,0.0,0.0012164347572252154,0.0121215376,0.0,0.0603288069,0.0118215341
RAB8A,0.0115419724,0.0038325914,0.0,0.003270693589001894,0.013662692,0.0,0.0479553005,0.0114661786
RAB28,0.0141068551,0.005167987,0.0,0.001517504919320345,0.0159051575,0.0,0.0376045731,0.0106145825
STX5,0.0092001229,0.0,0.0,0.0003674752078950405,0.0484306695,0.0,0.0046213267,0.0089456563
RAB41,0.0080152586,0.0,0.0,0.005548436660319567,0.0247846089,0.0,0.0068584235,0.006458104
MAN2A2,0.0,0.0088302881,0.0,2.0049999704951915e-07,0.0012153563,0.0,0.0167617607,0.0038296579
RAB34,0.0152289913,0.0,0.0,0.0,0.0,0.0,0.0072056594,0.0032049501
